Workbook

Sheet gemini-3.1-pro-preview
A1: pdf_id | B1: model | C1: llm_document_type | D1: llm_model_document_type | E1: llm_doctype_mismatch | F1: llm_support_label | G1: llm_commenter_type | H1: llm_project_state | I1: llm_project_region | J1: llm_feedback_theme_primary | K1: llm_feedback_theme_tags
A2: 5699 | B2: gemini-3.1-pro-preview | C2: substantive_comment | D2: substantive_comment | E2: 0 | F2: oppose | G2: nonprofit | H2: NM | I2: southwest | J2: economics_jobs | K2: economics_jobs|public_process
A3: 4699 | B3: gemini-3.1-pro-preview | C3: agency_submission | D3: procedural_filing | E3: 1 | F3: Neutral | G3: government | H3: WI | I3: midwest | J3: public_process | K3: public_process
A4: 9753 | B4: gemini-3.1-pro-preview | C4: agency_submission | D4: agency_submission | E4: 0 | F4: Support with Changes | G4: government | H4: WY | I4: northwest | J4: safety_risk | K4: water_impacts|wildlife_ecosystem|safety_risk
A5: 3658 | B5: gemini-3.1-pro-preview | C5: substantive_comment | D5: substantive_comment | E5: 0 | F5: oppose | G5: resident | H5: PA | I5: northeast | J5: water_impacts | K5: water_impacts|wildlife_ecosystem|public_process
A6: 7316 | B6: gemini-3.1-pro-preview | C6: substantive_comment | D6: substantive_comment | E6: 0 | F6: oppose | G6: resident | I6: northeast | J6: public_process | K6: public_process
A7: 3504 | B7: gemini-3.1-pro-preview | C7: substantive_comment | D7: substantive_comment | E7: 0 | F7: support | G7: nonprofit | I7: northeast | J7: economics_jobs | K7: economics_jobs|climate_energy
A8: 2910 | B8: gemini-3.1-pro-preview | C8: substantive_comment | D8: substantive_comment | E8: 0 | F8: oppose | G8: nonprofit | I8: northeast | J8: public_process | K8: public_process|climate_energy
A9: 3227 | B9: gemini-3.1-pro-preview | C9: substantive_comment | D9: substantive_comment | E9: 0 | F9: Support with Changes | G9: resident | I9: unknown | J9: wildlife_ecosystem | K9: wildlife_ecosystem
A10: 5810 | B10: gemini-3.1-pro-preview | C10: substantive_comment | D10: substantive_comment | E10: 0 | F10: Support with Changes | G10: nonprofit | H10: Minnesota | I10: midwest | J10: cultural_historic | K10: cultural_historic|public_process
A11: 6468 | B11: gemini-3.1-pro-preview | C11: agency_submission | D11: procedural_filing | E11: 1 | F11: Neutral | G11: government | H11: TN | I11: southeast | J11: public_process | K11: cultural_historic|public_process
A12: 10180 | B12: gemini-3.1-pro-preview | C12: substantive_comment | D12: substantive_comment | E12: 0 | F12: oppose | G12: resident | I12: midwest | J12: wildlife_ecosystem | K12: wildlife_ecosystem|climate_energy
A13: 7264 | B13: gemini-3.1-pro-preview | C13: substantive_comment | D13: substantive_comment | E13: 0 | F13: Support with Changes | G13: landowner | H13: KY | I13: southeast | J13: cultural_historic | K13: cultural_historic|water_impacts
A14: 9707 | B14: gemini-3.1-pro-preview | C14: substantive_comment | D14: substantive_comment | E14: 0 | F14: support | G14: government | H14: KY | I14: southeast | J14: climate_energy | K14: economics_jobs|climate_energy
A15: 4866 | B15: gemini-3.1-pro-preview | C15: substantive_comment | D15: substantive_comment | E15: 0 | F15: Support with Changes | G15: government | H15: CA | I15: southwest | J15: economics_jobs | K15: economics_jobs|other
A16: 3280 | B16: gemini-3.1-pro-preview | C16: substantive_comment | D16: substantive_comment | E16: 0 | F16: support | G16: resident | H16: LA | I16: south_central | J16: economics_jobs | K16: economics_jobs
A17: 2307 | B17: gemini-3.1-pro-preview | C17: substantive_comment | D17: substantive_comment | E17: 0 | F17: Support with Changes | G17: nonprofit | H17: CA | I17: southwest | J17: wildlife_ecosystem | K17: water_impacts|wildlife_ecosystem|public_process|recreation_tourism
A18: 5174 | B18: gemini-3.1-pro-preview | C18: substantive_comment | D18: substantive_comment | E18: 0 | F18: oppose | G18: resident | I18: northeast | J18: wildlife_ecosystem | K18: wildlife_ecosystem|water_impacts
A19: 5807 | B19: gemini-3.1-pro-preview | C19: substantive_comment | D19: substantive_comment | E19: 0 | F19: Support with Changes | G19: resident | I19: northeast | J19: recreation_tourism | K19: recreation_tourism
A20: 5844 | B20: gemini-3.1-pro-preview | C20: substantive_comment | D20: procedural_filing | E20: 1 | F20: Neutral | G20: government | I20: northeast | J20: public_process | K20: public_process
A21: 2969 | B21: gemini-3.1-pro-preview | C21: substantive_comment | D21: substantive_comment | E21: 0 | F21: support | G21: business | I21: midwest | J21: public_process | K21: public_process
A22: 8401 | B22: gemini-3.1-pro-preview | C22: substantive_comment | D22: substantive_comment | E22: 0 | F22: support | G22: resident | H22: ME | I22: northeast | J22: wildlife_ecosystem | K22: wildlife_ecosystem|water_impacts
A23: 3747 | B23: gemini-3.1-pro-preview | C23: agency_submission | D23: agency_submission | E23: 0 | F23: Neutral | G23: government | H23: TX | I23: south_central | J23: wildlife_ecosystem | K23: wildlife_ecosystem|water_impacts|public_process
A24: 761 | B24: gemini-3.1-pro-preview | C24: substantive_comment | D24: substantive_comment | E24: 0 | F24: support | G24: business | H24: FL | I24: southeast | J24: economics_jobs | K24: economics_jobs
A25: 5344 | B25: gemini-3.1-pro-preview | C25: substantive_comment | D25: substantive_comment | E25: 0 | F25: oppose | G25: resident | H25: NY | I25: northeast | J25: public_process | K25: water_impacts|public_process
A26: 729 | B26: gemini-3.1-pro-preview | C26: substantive_comment | D26: procedural_filing | E26: 1 | F26: Neutral | G26: unknown | I26: unknown | J26: climate_energy | K26: climate_energy|economics_jobs
A27: 2782 | B27: gemini-3.1-pro-preview | C27: substantive_comment | D27: procedural_filing | E27: 1 | F27: Neutral | G27: business | I27: midwest | J27: public_process | K27: public_process
A28: 951 | B28: gemini-3.1-pro-preview | C28: substantive_comment | D28: substantive_comment | E28: 0 | F28: oppose | G28: landowner | H28: KY | I28: southeast | J28: safety_risk | K28: safety_risk|public_process|property_rights
A29: 9370 | B29: gemini-3.1-pro-preview | C29: substantive_comment | D29: substantive_comment | E29: 0 | F29: oppose | G29: resident | I29: northwest | J29: other | K29: other
A30: 2937 | B30: gemini-3.1-pro-preview | C30: substantive_comment | D30: substantive_comment | E30: 0 | F30: Support with Changes | G30: government | I30: south_central | J30: public_process | K30: public_process
A31: 4745 | B31: gemini-3.1-pro-preview | C31: substantive_comment | D31: substantive_comment | E31: 0 | F31: support | G31: government | H31: KY | I31: midwest | J31: climate_energy | K31: climate_energy|economics_jobs
A32: 241 | B32: gemini-3.1-pro-preview | C32: agency_submission | D32: agency_submission | E32: 0 | F32: Support with Changes | G32: government | H32: WY | I32: midwest | J32: wildlife_ecosystem | K32: water_impacts|wildlife_ecosystem
A33: 5265 | B33: gemini-3.1-pro-preview | C33: agency_submission | D33: agency_submission | E33: 0 | F33: Support with Changes | G33: government | H33: PA | I33: northeast | J33: wildlife_ecosystem | K33: wildlife_ecosystem|water_impacts
A34: 7256 | B34: gemini-3.1-pro-preview | C34: agency_submission | D34: agency_submission | E34: 0 | F34: support | G34: government | H34: VA | I34: southeast | J34: wildlife_ecosystem | K34: wildlife_ecosystem
A35: 6563 | B35: gemini-3.1-pro-preview | C35: substantive_comment | D35: substantive_comment | E35: 0 | F35: support | G35: nonprofit | I35: other | J35: public_process | K35: climate_energy|public_process
A36: 779 | B36: gemini-3.1-pro-preview | C36: substantive_comment | D36: substantive_comment | E36: 0 | F36: oppose | G36: resident | I36: northeast | J36: water_impacts | K36: water_impacts|property_rights
A37: 10179 | B37: gemini-3.1-pro-preview | C37: substantive_comment | D37: substantive_comment | E37: 0 | F37: oppose | G37: resident | I37: south_central | J37: recreation_tourism | K37: wildlife_ecosystem|recreation_tourism
A38: 6588 | B38: gemini-3.1-pro-preview | C38: substantive_comment | D38: substantive_comment | E38: 0 | F38: oppose | G38: business | I38: midwest | J38: economics_jobs | K38: economics_jobs|other
A39: 7805 | B39: gemini-3.1-pro-preview | C39: substantive_comment | D39: substantive_comment | E39: 0 | F39: oppose | G39: government | H39: NV | I39: southwest | J39: public_process | K39: public_process|water_impacts|economics_jobs
A40: 2920 | B40: gemini-3.1-pro-preview | C40: substantive_comment | D40: substantive_comment | E40: 0 | F40: support | G40: government | H40: WA | I40: northwest | J40: public_process | K40: public_process|climate_energy
A41: 2448 | B41: gemini-3.1-pro-preview | C41: substantive_comment | D41: substantive_comment | E41: 0 | F41: oppose | G41: business | H41: Wyoming | I41: northwest | J41: water_impacts | K41: water_impacts|wildlife_ecosystem|recreation_tourism
A42: 5371 | B42: gemini-3.1-pro-preview | C42: substantive_comment | D42: substantive_comment | E42: 0 | F42: oppose | G42: resident | H42: NY | I42: northeast | J42: water_impacts | K42: water_impacts|public_process|wildlife_ecosystem
A43: 2747 | B43: gemini-3.1-pro-preview | C43: substantive_comment | D43: substantive_comment | E43: 0 | F43: Support with Changes | G43: government | H43: KY | I43: northeast | J43: public_process | K43: wildlife_ecosystem|property_rights|economics_jobs
A44: 8655 | B44: gemini-3.1-pro-preview | C44: agency_submission | D44: agency_submission | E44: 0 | F44: support | G44: tribal | H44: MS | I44: southeast | J44: cultural_historic | K44: cultural_historic
A45: 4607 | B45: gemini-3.1-pro-preview | C45: agency_submission | D45: agency_submission | E45: 0 | F45: Support with Changes | G45: government | H45: LA | I45: south_central | J45: wildlife_ecosystem | K45: water_impacts|wildlife_ecosystem
A46: 1854 | B46: gemini-3.1-pro-preview | C46: substantive_comment | D46: procedural_filing | E46: 1 | F46: Neutral | G46: government | H46: NM | I46: south_central | J46: other
A47: 9849 | B47: gemini-3.1-pro-preview | C47: substantive_comment | D47: substantive_comment | E47: 0 | F47: oppose | G47: resident | I47: unknown | J47: wildlife_ecosystem | K47: wildlife_ecosystem|recreation_tourism|economics_jobs
A48: 516 | B48: gemini-3.1-pro-preview | C48: agency_submission | D48: agency_submission | E48: 0 | F48: Support with Changes | G48: government | H48: CT | I48: northeast | J48: wildlife_ecosystem | K48: water_impacts
A49: 1289 | B49: gemini-3.1-pro-preview | C49: agency_submission | D49: agency_submission | E49: 0 | F49: support | G49: government | H49: OH | I49: midwest | J49: water_impacts | K49: water_impacts
A50: 8366 | B50: gemini-3.1-pro-preview | C50: substantive_comment | D50: procedural_filing | E50: 1 | F50: Neutral | G50: business | I50: midwest | J50: public_process | K50: public_process|economics_jobs
A51: 2889 | B51: gemini-3.1-pro-preview | C51: substantive_comment | D51: substantive_comment | E51: 0 | F51: support | G51: business | I51: unknown | J51: public_process | K51: public_process|climate_energy
A52: 5185 | B52: gemini-3.1-pro-preview | C52: substantive_comment | D52: substantive_comment | E52: 0 | F52: oppose | G52: resident | H52: NY | I52: northeast | J52: public_process | K52: water_impacts|public_process
A53: 259 | B53: gemini-3.1-pro-preview | C53: substantive_comment | D53: substantive_comment | E53: 0 | F53: support | G53: business | H53: IL | I53: midwest | J53: public_process | K53: public_process|economics_jobs
A54: 474 | B54: gemini-3.1-pro-preview | C54: agency_submission | D54: agency_submission | E54: 0 | F54: support | G54: government | H54: CA | I54: southwest | J54: cultural_historic | K54: cultural_historic
A55: 138 | B55: gemini-3.1-pro-preview | C55: substantive_comment | D55: substantive_comment | E55: 0 | F55: Support with Changes | G55: nonprofit | I55: south_central | J55: economics_jobs | K55: economics_jobs
A56: 4744 | B56: gemini-3.1-pro-preview | C56: substantive_comment | D56: substantive_comment | E56: 0 | F56: support | G56: government | H56: Kentucky | I56: southeast | J56: climate_energy | K56: climate_energy|economics_jobs
A57: 5338 | B57: gemini-3.1-pro-preview | C57: substantive_comment | D57: procedural_filing | E57: 1 | F57: Neutral | G57: business | H57: North Carolina | I57: southeast | J57: public_process | K57: public_process
A58: 5518 | B58: gemini-3.1-pro-preview | C58: substantive_comment | D58: substantive_comment | E58: 0 | F58: oppose | G58: resident | H58: NY | I58: northeast | J58: water_impacts | K58: water_impacts|wildlife_ecosystem
A59: 3333 | B59: gemini-3.1-pro-preview | C59: substantive_comment | D59: procedural_filing | E59: 1 | F59: Neutral | G59: government | H59: TX | I59: south_central | J59: public_process | K59: public_process
A60: 9454 | B60: gemini-3.1-pro-preview | C60: substantive_comment | D60: substantive_comment | E60: 0 | F60: oppose | G60: resident | H60: WY | I60: northwest | J60: wildlife_ecosystem | K60: water_impacts|recreation_tourism|economics_jobs
A61: 896 | B61: gemini-3.1-pro-preview | C61: substantive_comment | D61: substantive_comment | E61: 0 | F61: oppose | G61: landowner | I61: unknown | J61: property_rights | K61: property_rights
A62: 2192 | B62: gemini-3.1-pro-preview | C62: substantive_comment | D62: substantive_comment | E62: 0 | F62: oppose | G62: business | I62: unknown | J62: public_process | K62: public_process|economics_jobs
A63: 9847 | B63: gemini-3.1-pro-preview | C63: substantive_comment | D63: substantive_comment | E63: 0 | F63: oppose | G63: resident | H63: WY | I63: northwest | J63: wildlife_ecosystem | K63: recreation_tourism
A64: 6929 | B64: gemini-3.1-pro-preview | C64: agency_submission | D64: agency_submission | E64: 0 | F64: support | G64: government | H64: MA | I64: northeast | J64: public_process | K64: water_impacts|public_process
A65: 2012 | B65: gemini-3.1-pro-preview | C65: agency_submission | D65: substantive_comment | E65: 1 | F65: oppose | G65: government | H65: CA | I65: southwest | J65: economics_jobs | K65: economics_jobs
A66: 1010 | B66: gemini-3.1-pro-preview | C66: agency_submission | D66: agency_submission | E66: 0 | F66: support | G66: government | I66: other | J66: other
A67: 6131 | B67: gemini-3.1-pro-preview | C67: substantive_comment | D67: procedural_filing | E67: 1 | F67: Neutral | G67: government | H67: WA | I67: northwest | J67: public_process | K67: water_impacts|wildlife_ecosystem
A68: 4698 | B68: gemini-3.1-pro-preview | C68: agency_submission | D68: procedural_filing | E68: 1 | F68: Neutral | G68: government | H68: WI | I68: midwest | J68: public_process | K68: public_process
A69: 3959 | B69: gemini-3.1-pro-preview | C69: substantive_comment | D69: substantive_comment | E69: 0 | F69: oppose | G69: government | H69: CA | I69: southwest | J69: public_process | K69: public_process|economics_jobs
A70: 8850 | B70: gemini-3.1-pro-preview | C70: substantive_comment | D70: substantive_comment | E70: 0 | F70: oppose | G70: resident | H70: ME | I70: northeast | J70: economics_jobs | K70: wildlife_ecosystem|economics_jobs
A71: 4479 | B71: gemini-3.1-pro-preview | C71: substantive_comment | D71: substantive_comment | E71: 0 | F71: Support with Changes | G71: nonprofit | I71: southwest | J71: public_process | K71: public_process|economics_jobs
A72: 416 | B72: gemini-3.1-pro-preview | C72: agency_submission | D72: agency_submission | E72: 0 | F72: Support with Changes | G72: government | H72: OR | I72: northwest | J72: water_impacts | K72: water_impacts|public_process
A73: 9023 | B73: gemini-3.1-pro-preview | C73: substantive_comment | D73: substantive_comment | E73: 0 | F73: oppose | G73: business | H73: ME | I73: northeast | J73: economics_jobs | K73: economics_jobs|water_impacts
A74: 9602 | B74: gemini-3.1-pro-preview | C74: substantive_comment | D74: substantive_comment | E74: 0 | F74: Support with Changes | G74: resident | H74: WA | I74: northwest | J74: wildlife_ecosystem | K74: wildlife_ecosystem|recreation_tourism|cultural_historic
A75: 2534 | B75: gemini-3.1-pro-preview | C75: agency_submission | D75: procedural_filing | E75: 1 | F75: Neutral | G75: government | I75: southeast | J75: public_process | K75: public_process
A76: 3637 | B76: gemini-3.1-pro-preview | C76: substantive_comment | D76: substantive_comment | E76: 0 | F76: oppose | G76: landowner | H76: New York | I76: northeast | J76: property_rights | K76: property_rights|other
A77: 4305 | B77: gemini-3.1-pro-preview | C77: substantive_comment | D77: substantive_comment | E77: 0 | F77: Support with Changes | G77: business | I77: other | J77: public_process | K77: climate_energy|safety_risk
A78: 383 | B78: gemini-3.1-pro-preview | C78: agency_submission | D78: agency_submission | E78: 0 | F78: Support with Changes | G78: government | H78: ME | I78: northeast | J78: wildlife_ecosystem | K78: wildlife_ecosystem|public_process
A79: 9695 | B79: gemini-3.1-pro-preview | C79: substantive_comment | D79: substantive_comment | E79: 0 | F79: oppose | G79: resident | I79: northwest | J79: wildlife_ecosystem | K79: wildlife_ecosystem|water_impacts
A80: 4054 | B80: gemini-3.1-pro-preview | C80: substantive_comment | D80: substantive_comment | E80: 0 | F80: oppose | G80: resident | H80: PA | I80: northeast | J80: public_process | K80: public_process|water_impacts|wildlife_ecosystem
A81: 2931 | B81: gemini-3.1-pro-preview | C81: substantive_comment | D81: substantive_comment | E81: 0 | F81: support | G81: nonprofit | I81: other | J81: public_process | K81: public_process|climate_energy
A82: 6297 | B82: gemini-3.1-pro-preview | C82: agency_submission | D82: substantive_comment | E82: 1 | F82: Support with Changes | G82: government | H82: IN | I82: midwest | J82: public_process | K82: economics_jobs|public_process
A83: 3683 | B83: gemini-3.1-pro-preview | C83: substantive_comment | D83: substantive_comment | E83: 0 | F83: oppose | G83: resident | H83: KY | I83: midwest | J83: public_process | K83: public_process|climate_energy|safety_risk
A84: 9343 | B84: gemini-3.1-pro-preview | C84: agency_submission | D84: procedural_filing | E84: 1 | F84: Neutral | G84: government | H84: CA | I84: southwest | J84: safety_risk | K84: safety_risk|public_process
A85: 5733 | B85: gemini-3.1-pro-preview | C85: substantive_comment | D85: substantive_comment | E85: 0 | F85: support | G85: nonprofit | H85: Virginia | I85: southeast | J85: climate_energy | K85: climate_energy|economics_jobs
A86: 6601 | B86: gemini-3.1-pro-preview | C86: substantive_comment | D86: substantive_comment | E86: 0 | F86: support | G86: nonprofit | I86: northeast | J86: public_process | K86: public_process|economics_jobs
A87: 6550 | B87: gemini-3.1-pro-preview | C87: substantive_comment | D87: substantive_comment | E87: 0 | F87: Support with Changes | G87: government | H87: NY | I87: northeast | J87: economics_jobs | K87: economics_jobs|public_process
A88: 6619 | B88: gemini-3.1-pro-preview | C88: substantive_comment | D88: substantive_comment | E88: 0 | F88: support | G88: nonprofit | I88: other | J88: climate_energy | K88: climate_energy
A89: 4379 | B89: gemini-3.1-pro-preview | C89: agency_submission | D89: procedural_filing | E89: 1 | F89: Neutral | G89: government | I89: midwest | J89: public_process | K89: other
A90: 923 | B90: gemini-3.1-pro-preview | C90: substantive_comment | D90: substantive_comment | E90: 0 | F90: oppose | G90: nonprofit | H90: NY | I90: northeast | J90: public_process | K90: public_process|water_impacts
A91: 1186 | B91: gemini-3.1-pro-preview | C91: substantive_comment | D91: substantive_comment | E91: 0 | F91: oppose | G91: resident | I91: midwest | J91: public_process | K91: public_process|property_rights
A92: 6552 | B92: gemini-3.1-pro-preview | C92: agency_submission | D92: substantive_comment | E92: 1 | F92: Support with Changes | G92: government | I92: northeast | J92: economics_jobs | K92: economics_jobs|other
A93: 2292 | B93: gemini-3.1-pro-preview | C93: substantive_comment | D93: substantive_comment | E93: 0 | F93: Neutral | G93: nonprofit | I93: northeast | J93: public_process | K93: public_process
A94: 5978 | B94: gemini-3.1-pro-preview | C94: substantive_comment | D94: substantive_comment | E94: 0 | F94: Support with Changes | G94: business | H94: ME | I94: northeast | J94: recreation_tourism | K94: water_impacts|recreation_tourism|economics_jobs
A95: 5891 | B95: gemini-3.1-pro-preview | C95: agency_submission | D95: procedural_filing | E95: 1 | F95: Neutral | G95: government | H95: Louisiana | I95: south_central | J95: public_process | K95: public_process
A96: 7289 | B96: gemini-3.1-pro-preview | C96: agency_submission | D96: agency_submission | E96: 0 | F96: support | G96: government | H96: VA | I96: southeast | J96: wildlife_ecosystem | K96: wildlife_ecosystem
A97: 3810 | B97: gemini-3.1-pro-preview | C97: substantive_comment | D97: substantive_comment | E97: 0 | F97: oppose | G97: resident | I97: northeast | J97: wildlife_ecosystem | K97: water_impacts
A98: 2814 | B98: gemini-3.1-pro-preview | C98: substantive_comment | D98: procedural_filing | E98: 1 | F98: Neutral | G98: government | H98: CT | I98: northeast | J98: public_process | K98: public_process
A99: 8263 | B99: gemini-3.1-pro-preview | C99: agency_submission | D99: agency_submission | E99: 0 | F99: support | G99: government | H99: VT | I99: northeast | J99: wildlife_ecosystem | K99: wildlife_ecosystem|water_impacts
A100: 5264 | B100: gemini-3.1-pro-preview | C100: agency_submission | D100: agency_submission | E100: 0 | F100: Support with Changes | G100: government | H100: PA | I100: northeast | J100: water_impacts | K100: water_impacts|wildlife_ecosystem|public_process
...

Sheet gpt-5.4
A1: pdf_id | B1: model | C1: llm_document_type | D1: llm_model_document_type | E1: llm_doctype_mismatch | F1: llm_support_label | G1: llm_commenter_type | H1: llm_project_state | I1: llm_project_region | J1: llm_feedback_theme_primary | K1: llm_feedback_theme_tags
A2: 5699 | B2: gpt-5.4 | C2: substantive_comment | D2: substantive_comment | E2: 0 | F2: oppose | G2: nonprofit | H2: NM | I2: southwest | J2: economics_jobs | K2: other|climate_energy|other|economics_jobs
A3: 4699 | B3: gpt-5.4 | C3: agency_submission | D3: procedural_filing | E3: 1 | F3: Neutral | G3: government | H3: WI | I3: midwest | J3: public_process | K3: other
A4: 9753 | B4: gpt-5.4 | C4: agency_submission | D4: agency_submission | E4: 0 | F4: Support with Changes | G4: government | H4: WY | I4: unknown | J4: water_impacts | K4: other|wildlife_ecosystem|public_process|recreation_tourism|cultural_historic|climate_energy
A5: 3658 | B5: gpt-5.4 | C5: substantive_comment | D5: substantive_comment | E5: 0 | F5: Neutral | G5: resident | I5: northeast | J5: water_impacts | K5: wildlife_ecosystem|public_process|property_rights
A6: 7316 | B6: gpt-5.4 | C6: substantive_comment | D6: substantive_comment | E6: 0 | F6: oppose | G6: unknown | I6: unknown | J6: public_process | K6: public_process
A7: 3504 | B7: gpt-5.4 | C7: substantive_comment | D7: procedural_filing | E7: 1 | F7: Neutral | G7: nonprofit | I7: northeast | J7: public_process | K7: economics_jobs|grid_reliability
A8: 2910 | B8: gpt-5.4 | C8: substantive_comment | D8: procedural_filing | E8: 1 | F8: Neutral | G8: business | I8: unknown | J8: public_process | K8: grid_reliability|public_process
A9: 3227 | B9: gpt-5.4 | C9: substantive_comment | D9: substantive_comment | E9: 0 | F9: Support with Changes | G9: resident | I9: unknown | J9: wildlife_ecosystem | K9: wildlife_ecosystem|public_process
A10: 5810 | B10: gpt-5.4 | C10: substantive_comment | D10: substantive_comment | E10: 0 | F10: Support with Changes | G10: nonprofit | H10: Minnesota | I10: midwest | J10: cultural_historic | K10: public_process|water_impacts
A11: 6468 | B11: gpt-5.4 | C11: agency_submission | D11: procedural_filing | E11: 1 | F11: Neutral | G11: government | H11: Tennessee | I11: southeast | J11: public_process | K11: cultural_historic|public_process
A12: 10180 | B12: gpt-5.4 | C12: substantive_comment | D12: substantive_comment | E12: 0 | F12: oppose | G12: resident | I12: midwest | J12: climate_energy | K12: other|wildlife_ecosystem|climate_energy
A13: 7264 | B13: gpt-5.4 | C13: substantive_comment | D13: substantive_comment | E13: 0 | F13: Support with Changes | G13: unknown | H13: KY | I13: south_central | J13: cultural_historic | K13: other|property_rights|public_process
A14: 9707 | B14: gpt-5.4 | C14: substantive_comment | D14: substantive_comment | E14: 0 | F14: support | G14: government | H14: KY | I14: south_central | J14: economics_jobs | K14: grid_reliability|climate_energy|economics_jobs
A15: 4866 | B15: gpt-5.4 | C15: substantive_comment | D15: procedural_filing | E15: 1 | F15: Neutral | G15: government | H15: California | I15: unknown | J15: public_process | K15: economics_jobs|public_process
A16: 3280 | B16: gpt-5.4 | C16: substantive_comment | D16: substantive_comment | E16: 0 | F16: support | G16: resident | H16: LA | I16: south_central | J16: economics_jobs | K16: economics_jobs|property_rights|other
A17: 2307 | B17: gpt-5.4 | C17: substantive_comment | D17: substantive_comment | E17: 0 | F17: Support with Changes | G17: nonprofit | H17: CA | I17: unknown | J17: water_impacts | K17: wildlife_ecosystem|public_process|recreation_tourism
A18: 5174 | B18: gpt-5.4 | C18: substantive_comment | D18: substantive_comment | E18: 0 | F18: oppose | G18: resident | I18: northeast | J18: wildlife_ecosystem | K18: other|wildlife_ecosystem|climate_energy
A19: 5807 | B19: gpt-5.4 | C19: substantive_comment | D19: substantive_comment | E19: 0 | F19: Support with Changes | G19: unknown | H19: PA | I19: northeast | J19: recreation_tourism | K19: public_process
A20: 5844 | B20: gpt-5.4 | C20: substantive_comment | D20: procedural_filing | E20: 1 | F20: Neutral | G20: business | I20: northeast | J20: public_process | K20: economics_jobs
A21: 2969 | B21: gpt-5.4 | C21: substantive_comment | D21: procedural_filing | E21: 1 | F21: Neutral | G21: business | I21: unknown | J21: public_process | K21: public_process
A22: 8401 | B22: gpt-5.4 | C22: substantive_comment | D22: substantive_comment | E22: 0 | F22: support | G22: unknown | H22: ME | I22: northeast | J22: water_impacts | K22: other|economics_jobs
A23: 3747 | B23: gpt-5.4 | C23: agency_submission | D23: agency_submission | E23: 0 | F23: Support with Changes | G23: government | H23: Texas | I23: south_central | J23: wildlife_ecosystem | K23: other|other|other
A24: 761 | B24: gpt-5.4 | C24: substantive_comment | D24: procedural_filing | E24: 1 | F24: Neutral | G24: business | H24: FL | I24: southeast | J24: public_process | K24: public_process
A25: 5344 | B25: gpt-5.4 | C25: substantive_comment | D25: substantive_comment | E25: 0 | F25: oppose | G25: resident | H25: NY | I25: northeast | J25: water_impacts | K25: other|water_impacts|climate_energy
A26: 729 | B26: gpt-5.4 | C26: substantive_comment | D26: procedural_filing | E26: 1 | F26: Neutral | G26: business | I26: unknown | J26: grid_reliability | K26: economics_jobs|climate_energy|public_process
A27: 2782 | B27: gpt-5.4 | C27: substantive_comment | D27: procedural_filing | E27: 1 | F27: Neutral | G27: business | I27: midwest | J27: public_process | K27: grid_reliability|economics_jobs
A28: 951 | B28: gpt-5.4 | C28: substantive_comment | D28: substantive_comment | E28: 0 | F28: oppose | G28: landowner | H28: KY | I28: south_central | J28: property_rights | K28: other|safety_risk|other|wildlife_ecosystem|cultural_historic|climate_energy|economics_jobs
A29: 9370 | B29: gpt-5.4 | C29: substantive_comment | D29: substantive_comment | E29: 0 | F29: oppose | G29: resident | I29: unknown | J29: water_impacts | K29: water_impacts|public_process
A30: 2937 | B30: gpt-5.4 | C30: substantive_comment | D30: procedural_filing | E30: 1 | F30: Neutral | G30: government | H30: OK | I30: south_central | J30: public_process | K30: economics_jobs|other
A31: 4745 | B31: gpt-5.4 | C31: substantive_comment | D31: substantive_comment | E31: 0 | F31: support | G31: government | H31: KY | I31: south_central | J31: grid_reliability | K31: economics_jobs|climate_energy
A32: 241 | B32: gpt-5.4 | C32: agency_submission | D32: agency_submission | E32: 0 | F32: Support with Changes | G32: government | H32: Wyoming | I32: northwest | J32: wildlife_ecosystem | K32: other|wildlife_ecosystem|other
A33: 5265 | B33: gpt-5.4 | C33: agency_submission | D33: agency_submission | E33: 0 | F33: Support with Changes | G33: government | H33: PA | I33: northeast | J33: wildlife_ecosystem | K33: other|wildlife_ecosystem
A34: 7256 | B34: gpt-5.4 | C34: agency_submission | D34: agency_submission | E34: 0 | F34: support | G34: government | H34: VA | I34: southeast | J34: wildlife_ecosystem | K34: other|wildlife_ecosystem
A35: 6563 | B35: gpt-5.4 | C35: substantive_comment | D35: substantive_comment | E35: 0 | F35: support | G35: business | I35: unknown | J35: grid_reliability | K35: grid_reliability|other|economics_jobs
A36: 779 | B36: gpt-5.4 | C36: substantive_comment | D36: procedural_filing | E36: 1 | F36: Neutral | G36: unknown | I36: other | J36: public_process | K36: other|property_rights
A37: 10179 | B37: gpt-5.4 | C37: substantive_comment | D37: substantive_comment | E37: 0 | F37: oppose | G37: resident | I37: other | J37: water_impacts | K37: recreation_tourism|water_impacts
A38: 6588 | B38: gpt-5.4 | C38: substantive_comment | D38: procedural_filing | E38: 1 | F38: Neutral | G38: business | I38: midwest | J38: public_process | K38: economics_jobs|public_process
A39: 7805 | B39: gpt-5.4 | C39: substantive_comment | D39: substantive_comment | E39: 0 | F39: oppose | G39: government | H39: Nevada | I39: unknown | J39: public_process | K39: other|public_process|property_rights
A40: 2920 | B40: gpt-5.4 | C40: substantive_comment | D40: procedural_filing | E40: 1 | F40: Neutral | G40: government | H40: WA | I40: northwest | J40: public_process | K40: grid_reliability|economics_jobs
A41: 2448 | B41: gpt-5.4 | C41: substantive_comment | D41: substantive_comment | E41: 0 | F41: oppose | G41: business | H41: Wyoming | I41: unknown | J41: water_impacts | K41: water_impacts|wildlife_ecosystem|safety_risk
A42: 5371 | B42: gpt-5.4 | C42: substantive_comment | D42: substantive_comment | E42: 0 | F42: oppose | G42: resident | H42: NY | I42: northeast | J42: water_impacts | K42: other|climate_energy
A43: 2747 | B43: gpt-5.4 | C43: substantive_comment | D43: substantive_comment | E43: 0 | F43: Support with Changes | G43: government | H43: KY | I43: south_central | J43: public_process | K43: other|other|property_rights|economics_jobs
A44: 8655 | B44: gpt-5.4 | C44: agency_submission | D44: agency_submission | E44: 0 | F44: support | G44: tribal | I44: south_central | J44: cultural_historic | K44: cultural_historic
A45: 4607 | B45: gpt-5.4 | C45: agency_submission | D45: agency_submission | E45: 0 | F45: Support with Changes | G45: government | H45: LA | I45: south_central | J45: wildlife_ecosystem | K45: other|wildlife_ecosystem|safety_risk|public_process
A46: 1854 | B46: gpt-5.4 | C46: substantive_comment | D46: procedural_filing | E46: 1 | F46: Neutral | G46: government | H46: NM | I46: southwest | J46: public_process | K46: economics_jobs
A47: 9849 | B47: gpt-5.4 | C47: substantive_comment | D47: substantive_comment | E47: 0 | F47: oppose | G47: resident | I47: other | J47: wildlife_ecosystem | K47: other|wildlife_ecosystem|recreation_tourism|economics_jobs
A48: 516 | B48: gpt-5.4 | C48: agency_submission | D48: agency_submission | E48: 0 | F48: Support with Changes | G48: government | H48: CT | I48: northeast | J48: wildlife_ecosystem | K48: other|other
A49: 1289 | B49: gpt-5.4 | C49: agency_submission | D49: agency_submission | E49: 0 | F49: support | G49: government | H49: Ohio | I49: midwest | J49: water_impacts | K49: water_impacts
A50: 8366 | B50: gpt-5.4 | C50: substantive_comment | D50: procedural_filing | E50: 1 | F50: Neutral | G50: business | I50: unknown | J50: public_process | K50: economics_jobs|public_process
A51: 2889 | B51: gpt-5.4 | C51: substantive_comment | D51: substantive_comment | E51: 0 | F51: support | G51: business | I51: unknown | J51: public_process | K51: climate_energy|grid_reliability
A52: 5185 | B52: gpt-5.4 | C52: substantive_comment | D52: substantive_comment | E52: 0 | F52: oppose | G52: unknown | H52: NY | I52: northeast | J52: water_impacts | K52: other|property_rights|climate_energy
A53: 259 | B53: gpt-5.4 | C53: substantive_comment | D53: procedural_filing | E53: 1 | F53: Neutral | G53: business | I53: midwest | J53: public_process | K53: grid_reliability|public_process
A54: 474 | B54: gpt-5.4 | C54: agency_submission | D54: agency_submission | E54: 0 | F54: support | G54: government | H54: CA | I54: unknown | J54: cultural_historic | K54: public_process|cultural_historic
A55: 138 | B55: gpt-5.4 | C55: substantive_comment | D55: procedural_filing | E55: 1 | F55: Neutral | G55: business | H55: NM | I55: southwest | J55: public_process | K55: economics_jobs|public_process
A56: 4744 | B56: gpt-5.4 | C56: substantive_comment | D56: substantive_comment | E56: 0 | F56: support | G56: government | H56: KY | I56: south_central | J56: grid_reliability | K56: economics_jobs|climate_energy|grid_reliability
A57: 5338 | B57: gpt-5.4 | C57: substantive_comment | D57: procedural_filing | E57: 1 | F57: Neutral | G57: business | H57: NC | I57: southeast | J57: public_process | K57: economics_jobs
A58: 5518 | B58: gpt-5.4 | C58: substantive_comment | D58: substantive_comment | E58: 0 | F58: oppose | G58: resident | I58: northeast | J58: water_impacts | K58: water_impacts|property_rights|wildlife_ecosystem
A59: 3333 | B59: gpt-5.4 | C59: substantive_comment | D59: procedural_filing | E59: 1 | F59: Neutral | G59: unknown | H59: TX | I59: south_central | J59: public_process | K59: other|climate_energy
A60: 9454 | B60: gpt-5.4 | C60: substantive_comment | D60: substantive_comment | E60: 0 | F60: oppose | G60: resident | H60: WY | I60: unknown | J60: wildlife_ecosystem | K60: water_impacts|wildlife_ecosystem|economics_jobs
A61: 896 | B61: gpt-5.4 | C61: substantive_comment | D61: procedural_filing | E61: 1 | F61: Neutral | G61: unknown | I61: unknown | J61: public_process | K61: public_process
A62: 2192 | B62: gpt-5.4 | C62: substantive_comment | D62: procedural_filing | E62: 1 | F62: Neutral | G62: business | I62: unknown | J62: public_process | K62: economics_jobs
A63: 9847 | B63: gpt-5.4 | C63: substantive_comment | D63: substantive_comment | E63: 0 | F63: oppose | G63: resident | H63: WY | I63: other | J63: water_impacts | K63: other|property_rights
A64: 6929 | B64: gpt-5.4 | C64: agency_submission | D64: agency_submission | E64: 0 | F64: support | G64: government | H64: MA | I64: northeast | J64: public_process | K64: water_impacts|public_process
A65: 2012 | B65: gpt-5.4 | C65: agency_submission | D65: procedural_filing | E65: 1 | F65: Neutral | G65: business | I65: unknown | J65: economics_jobs | K65: other
A66: 1010 | B66: gpt-5.4 | C66: agency_submission | D66: agency_submission | E66: 0 | F66: Neutral | G66: government | H66: Alaska | I66: other | J66: public_process | K66: public_process
A67: 6131 | B67: gpt-5.4 | C67: substantive_comment | D67: procedural_filing | E67: 1 | F67: Neutral | G67: unknown | H67: Washington | I67: northwest | J67: water_impacts | K67: wildlife_ecosystem|public_process
A68: 4698 | B68: gpt-5.4 | C68: agency_submission | D68: procedural_filing | E68: 1 | F68: Neutral | G68: government | H68: WI | I68: midwest | J68: public_process | K68: other
A69: 3959 | B69: gpt-5.4 | C69: substantive_comment | D69: procedural_filing | E69: 1 | F69: Neutral | G69: government | I69: unknown | J69: public_process | K69: economics_jobs
A70: 8850 | B70: gpt-5.4 | C70: substantive_comment | D70: substantive_comment | E70: 0 | F70: oppose | G70: resident | H70: ME | I70: northeast | J70: water_impacts | K70: water_impacts|wildlife_ecosystem|economics_jobs
A71: 4479 | B71: gpt-5.4 | C71: substantive_comment | D71: substantive_comment | E71: 0 | F71: Support with Changes | G71: business | H71: CO | I71: southwest | J71: public_process | K71: economics_jobs|other
A72: 416 | B72: gpt-5.4 | C72: agency_submission | D72: agency_submission | E72: 0 | F72: Support with Changes | G72: government | I72: northwest | J72: water_impacts | K72: water_impacts|public_process
A73: 9023 | B73: gpt-5.4 | C73: substantive_comment | D73: substantive_comment | E73: 0 | F73: oppose | G73: business | H73: ME | I73: northeast | J73: economics_jobs | K73: water_impacts|economics_jobs|climate_energy
A74: 9602 | B74: gpt-5.4 | C74: substantive_comment | D74: substantive_comment | E74: 0 | F74: Support with Changes | G74: resident | H74: WA | I74: northwest | J74: wildlife_ecosystem | K74: water_impacts|wildlife_ecosystem|cultural_historic|climate_energy
A75: 2534 | B75: gpt-5.4 | C75: agency_submission | D75: procedural_filing | E75: 1 | F75: Neutral | G75: government | I75: unknown | J75: public_process | K75: grid_reliability|economics_jobs
A76: 3637 | B76: gpt-5.4 | C76: substantive_comment | D76: procedural_filing | E76: 1 | F76: Neutral | G76: business | H76: New York | I76: northeast | J76: property_rights | K76: other|property_rights
A77: 4305 | B77: gpt-5.4 | C77: substantive_comment | D77: substantive_comment | E77: 0 | F77: Support with Changes | G77: business | I77: unknown | J77: grid_reliability | K77: other|grid_reliability
A78: 383 | B78: gpt-5.4 | C78: agency_submission | D78: agency_submission | E78: 0 | F78: Support with Changes | G78: government | H78: Maine | I78: northeast | J78: wildlife_ecosystem | K78: wildlife_ecosystem|other
A79: 9695 | B79: gpt-5.4 | C79: substantive_comment | D79: substantive_comment | E79: 0 | F79: oppose | G79: resident | I79: unknown | J79: wildlife_ecosystem | K79: wildlife_ecosystem|water_impacts
A80: 4054 | B80: gpt-5.4 | C80: substantive_comment | D80: substantive_comment | E80: 0 | F80: oppose | G80: resident | H80: PA | I80: northeast | J80: public_process | K80: water_impacts|wildlife_ecosystem|property_rights
A81: 2931 | B81: gpt-5.4 | C81: substantive_comment | D81: substantive_comment | E81: 0 | F81: support | G81: business | I81: unknown | J81: other | K81: climate_energy|public_process
A82: 6297 | B82: gpt-5.4 | C82: agency_submission | D82: substantive_comment | E82: 1 | F82: Support with Changes | G82: government | H82: IN | I82: midwest | J82: public_process | K82: public_process|economics_jobs|climate_energy
A83: 3683 | B83: gpt-5.4 | C83: substantive_comment | D83: substantive_comment | E83: 0 | F83: oppose | G83: resident | H83: KY | I83: south_central | J83: public_process | K83: public_process|climate_energy|safety_risk|economics_jobs|other
A84: 9343 | B84: gpt-5.4 | C84: agency_submission | D84: procedural_filing | E84: 1 | F84: Neutral | G84: government | H84: CA | I84: unknown | J84: public_process | K84: safety_risk|public_process
A85: 5733 | B85: gpt-5.4 | C85: substantive_comment | D85: substantive_comment | E85: 0 | F85: support | G85: nonprofit | H85: Virginia | I85: southeast | J85: grid_reliability | K85: grid_reliability|climate_energy
A86: 6601 | B86: gpt-5.4 | C86: substantive_comment | D86: substantive_comment | E86: 0 | F86: Support with Changes | G86: business | I86: northeast | J86: grid_reliability | K86: grid_reliability|other|economics_jobs
A87: 6550 | B87: gpt-5.4 | C87: substantive_comment | D87: procedural_filing | E87: 1 | F87: Neutral | G87: government | H87: NY | I87: northeast | J87: public_process | K87: public_process|economics_jobs
A88: 6619 | B88: gpt-5.4 | C88: substantive_comment | D88: substantive_comment | E88: 0 | F88: support | G88: government | I88: unknown | J88: grid_reliability | K88: other|grid_reliability
A89: 4379 | B89: gpt-5.4 | C89: agency_submission | D89: procedural_filing | E89: 1 | F89: Neutral | G89: business | I89: midwest | J89: public_process | K89: grid_reliability|public_process
A90: 923 | B90: gpt-5.4 | C90: substantive_comment | D90: substantive_comment | E90: 0 | F90: oppose | G90: nonprofit | H90: NY | I90: northeast | J90: public_process | K90: other|climate_energy
A91: 1186 | B91: gpt-5.4 | C91: substantive_comment | D91: procedural_filing | E91: 1 | F91: Neutral | G91: unknown | I91: midwest | J91: public_process | K91: public_process|climate_energy|property_rights
A92: 6552 | B92: gpt-5.4 | C92: agency_submission | D92: substantive_comment | E92: 1 | F92: Support with Changes | G92: government | I92: other | J92: economics_jobs | K92: grid_reliability|economics_jobs|public_process
A93: 2292 | B93: gpt-5.4 | C93: substantive_comment | D93: procedural_filing | E93: 1 | F93: Neutral | G93: nonprofit | H93: WV | I93: south_central | J93: public_process | K93: economics_jobs
A94: 5978 | B94: gpt-5.4 | C94: substantive_comment | D94: substantive_comment | E94: 0 | F94: Support with Changes | G94: business | I94: northeast | J94: recreation_tourism | K94: water_impacts|recreation_tourism|economics_jobs
A95: 5891 | B95: gpt-5.4 | C95: agency_submission | D95: procedural_filing | E95: 1 | F95: Neutral | G95: government | H95: LA | I95: south_central | J95: public_process | K95: other|wildlife_ecosystem|public_process
A96: 7289 | B96: gpt-5.4 | C96: agency_submission | D96: agency_submission | E96: 0 | F96: support | G96: government | H96: VA | I96: southeast | J96: wildlife_ecosystem | K96: water_impacts|wildlife_ecosystem|public_process
A97: 3810 | B97: gpt-5.4 | C97: substantive_comment | D97: substantive_comment | E97: 0 | F97: oppose | G97: resident | I97: northeast | J97: water_impacts | K97: other|wildlife_ecosystem|property_rights
A98: 2814 | B98: gpt-5.4 | C98: substantive_comment | D98: procedural_filing | E98: 1 | F98: Neutral | G98: unknown | H98: CT | I98: northeast | J98: other | K98: grid_reliability|economics_jobs
A99: 8263 | B99: gpt-5.4 | C99: agency_submission | D99: agency_submission | E99: 0 | F99: support | G99: government | I99: northeast | J99: wildlife_ecosystem | K99: water_impacts|wildlife_ecosystem
A100: 5264 | B100: gpt-5.4 | C100: agency_submission | D100: agency_submission | E100: 0 | F100: Support with Changes | G100: government | H100: PA | I100: northeast | J100: water_impacts | K100: wildlife_ecosystem|public_process
...

Sheet claude-opus-4-6
A1: pdf_id | B1: model | C1: llm_document_type | D1: llm_model_document_type | E1: llm_doctype_mismatch | F1: llm_support_label | G1: llm_commenter_type | H1: llm_project_state | I1: llm_project_region | J1: llm_feedback_theme_primary | K1: llm_feedback_theme_tags
A2: 5699 | B2: claude-opus-4-6 | C2: substantive_comment | D2: substantive_comment | E2: 0 | F2: oppose | G2: nonprofit | H2: NM | I2: southwest | J2: economics_jobs | K2: economics_jobs|public_process|grid_reliability|other
A3: 4699 | B3: claude-opus-4-6 | C3: agency_submission | D3: agency_submission | E3: 0 | F3: support | G3: government | H3: WI | I3: midwest | J3: water_impacts | K3: water_impacts|public_process
A4: 9753 | B4: claude-opus-4-6 | C4: agency_submission | D4: agency_submission | E4: 0 | F4: Support with Changes | G4: government | H4: WY | I4: northwest | J4: water_impacts | K4: water_impacts|wildlife_ecosystem|safety_risk|recreation_tourism|cultural_historic|public_process
A5: 3658 | B5: claude-opus-4-6 | C5: substantive_comment | D5: substantive_comment | E5: 0 | F5: oppose | G5: resident | H5: PA | I5: northeast | J5: water_impacts | K5: water_impacts|wildlife_ecosystem|public_process|property_rights|safety_risk
A6: 7316 | B6: claude-opus-4-6 | C6: substantive_comment | D6: substantive_comment | E6: 0 | F6: oppose | G6: resident | I6: unknown | J6: public_process | K6: public_process
A7: 3504 | B7: claude-opus-4-6 | C7: substantive_comment | D7: substantive_comment | E7: 0 | F7: support | G7: nonprofit | I7: northeast | J7: economics_jobs | K7: economics_jobs|climate_energy|grid_reliability
A8: 2910 | B8: claude-opus-4-6 | C8: substantive_comment | D8: agency_submission | E8: 1 | F8: oppose | G8: government | I8: unknown | J8: grid_reliability | K8: grid_reliability|public_process|other
A9: 3227 | B9: claude-opus-4-6 | C9: substantive_comment | D9: substantive_comment | E9: 0 | F9: Support with Changes | G9: resident | I9: unknown | J9: wildlife_ecosystem | K9: wildlife_ecosystem
A10: 5810 | B10: claude-opus-4-6 | C10: substantive_comment | D10: substantive_comment | E10: 0 | F10: Support with Changes | G10: nonprofit | H10: Minnesota | I10: midwest | J10: cultural_historic | K10: cultural_historic|public_process|other
A11: 6468 | B11: claude-opus-4-6 | C11: agency_submission | D11: agency_submission | E11: 0 | F11: support | G11: government | H11: TN | I11: southeast | J11: cultural_historic | K11: cultural_historic|public_process
A12: 10180 | B12: claude-opus-4-6 | C12: substantive_comment | D12: substantive_comment | E12: 0 | F12: oppose | G12: resident | I12: unknown | J12: wildlife_ecosystem | K12: wildlife_ecosystem|climate_energy|other
A13: 7264 | B13: claude-opus-4-6 | C13: substantive_comment | D13: substantive_comment | E13: 0 | F13: Support with Changes | G13: resident | H13: KY | I13: southeast | J13: cultural_historic | K13: cultural_historic|water_impacts|wildlife_ecosystem|property_rights|public_process
A14: 9707 | B14: claude-opus-4-6 | C14: substantive_comment | D14: substantive_comment | E14: 0 | F14: support | G14: government | H14: KY | I14: midwest | J14: climate_energy | K14: climate_energy|economics_jobs|grid_reliability
A15: 4866 | B15: claude-opus-4-6 | C15: substantive_comment | D15: substantive_comment | E15: 0 | F15: oppose | G15: government | H15: California | I15: southwest | J15: economics_jobs | K15: economics_jobs|public_process|grid_reliability
A16: 3280 | B16: claude-opus-4-6 | C16: substantive_comment | D16: substantive_comment | E16: 0 | F16: support | G16: resident | H16: LA | I16: south_central | J16: economics_jobs | K16: economics_jobs|public_process|safety_risk|other
A17: 2307 | B17: claude-opus-4-6 | C17: substantive_comment | D17: substantive_comment | E17: 0 | F17: Support with Changes | G17: nonprofit | H17: CA | I17: southwest | J17: wildlife_ecosystem | K17: wildlife_ecosystem|water_impacts|public_process|recreation_tourism
A18: 5174 | B18: claude-opus-4-6 | C18: substantive_comment | D18: substantive_comment | E18: 0 | F18: oppose | G18: resident | I18: unknown | J18: wildlife_ecosystem | K18: wildlife_ecosystem|water_impacts|climate_energy
A19: 5807 | B19: claude-opus-4-6 | C19: substantive_comment | D19: substantive_comment | E19: 0 | F19: Support with Changes | G19: resident | I19: northeast | J19: recreation_tourism | K19: recreation_tourism|public_process
A20: 5844 | B20: claude-opus-4-6 | C20: substantive_comment | D20: procedural_filing | E20: 1 | F20: Neutral | G20: government | I20: northeast | J20: grid_reliability | K20: grid_reliability|economics_jobs
A21: 2969 | B21: claude-opus-4-6 | C21: substantive_comment | D21: substantive_comment | E21: 0 | F21: support | G21: business | I21: unknown | J21: public_process | K21: public_process|other
A22: 8401 | B22: claude-opus-4-6 | C22: substantive_comment | D22: substantive_comment | E22: 0 | F22: support | G22: resident | H22: ME | I22: northeast | J22: wildlife_ecosystem | K22: wildlife_ecosystem|economics_jobs|water_impacts
A23: 3747 | B23: claude-opus-4-6 | C23: agency_submission | D23: agency_submission | E23: 0 | F23: Support with Changes | G23: government | H23: TX | I23: south_central | J23: wildlife_ecosystem | K23: wildlife_ecosystem|water_impacts|climate_energy|safety_risk
A24: 761 | B24: claude-opus-4-6 | C24: substantive_comment | D24: procedural_filing | E24: 1 | F24: Neutral | G24: business | H24: FL | I24: southeast | J24: grid_reliability | K24: grid_reliability|economics_jobs
A25: 5344 | B25: claude-opus-4-6 | C25: substantive_comment | D25: substantive_comment | E25: 0 | F25: oppose | G25: resident | H25: NY | I25: northeast | J25: public_process | K25: public_process|water_impacts|wildlife_ecosystem|climate_energy
A26: 729 | B26: claude-opus-4-6 | C26: substantive_comment | D26: procedural_filing | E26: 1 | F26: Neutral | G26: business | I26: unknown | J26: grid_reliability | K26: grid_reliability|climate_energy|economics_jobs|other
A27: 2782 | B27: claude-opus-4-6 | C27: substantive_comment | D27: procedural_filing | E27: 1 | F27: Neutral | G27: business | I27: midwest | J27: grid_reliability | K27: grid_reliability|economics_jobs|public_process
A28: 951 | B28: claude-opus-4-6 | C28: substantive_comment | D28: substantive_comment | E28: 0 | F28: oppose | G28: landowner | H28: KY | I28: midwest | J28: safety_risk | K28: safety_risk|public_process|wildlife_ecosystem|climate_energy|property_rights|cultural_historic|water_impacts
A29: 9370 | B29: claude-opus-4-6 | C29: substantive_comment | D29: substantive_comment | E29: 0 | F29: oppose | G29: resident | I29: unknown | J29: public_process | K29: public_process|other
A30: 2937 | B30: claude-opus-4-6 | C30: substantive_comment | D30: substantive_comment | E30: 0 | F30: support | G30: government | H30: OK | I30: south_central | J30: public_process | K30: public_process|economics_jobs|grid_reliability|other
A31: 4745 | B31: claude-opus-4-6 | C31: substantive_comment | D31: substantive_comment | E31: 0 | F31: support | G31: government | H31: KY | I31: midwest | J31: grid_reliability | K31: grid_reliability|economics_jobs|climate_energy
A32: 241 | B32: claude-opus-4-6 | C32: agency_submission | D32: agency_submission | E32: 0 | F32: Support with Changes | G32: government | H32: WY | I32: northwest | J32: wildlife_ecosystem | K32: wildlife_ecosystem|water_impacts|other
A33: 5265 | B33: claude-opus-4-6 | C33: agency_submission | D33: agency_submission | E33: 0 | F33: Support with Changes | G33: government | H33: PA | I33: northeast | J33: wildlife_ecosystem | K33: wildlife_ecosystem|water_impacts|public_process
A34: 7256 | B34: claude-opus-4-6 | C34: agency_submission | D34: agency_submission | E34: 0 | F34: support | G34: government | H34: VA | I34: southeast | J34: wildlife_ecosystem | K34: wildlife_ecosystem|water_impacts
A35: 6563 | B35: claude-opus-4-6 | C35: substantive_comment | D35: substantive_comment | E35: 0 | F35: support | G35: nonprofit | I35: unknown | J35: grid_reliability | K35: grid_reliability|climate_energy|other
A36: 779 | B36: claude-opus-4-6 | C36: substantive_comment | D36: substantive_comment | E36: 0 | F36: oppose | G36: nonprofit | H36: Maryland | I36: southeast | J36: water_impacts | K36: water_impacts|property_rights|wildlife_ecosystem
A37: 10179 | B37: claude-opus-4-6 | C37: substantive_comment | D37: substantive_comment | E37: 0 | F37: oppose | G37: resident | H37: WY | I37: northwest | J37: water_impacts | K37: water_impacts|wildlife_ecosystem|recreation_tourism
A38: 6588 | B38: claude-opus-4-6 | C38: substantive_comment | D38: procedural_filing | E38: 1 | F38: Neutral | G38: business | I38: midwest | J38: economics_jobs | K38: economics_jobs|grid_reliability|other
A39: 7805 | B39: claude-opus-4-6 | C39: substantive_comment | D39: substantive_comment | E39: 0 | F39: oppose | G39: government | H39: NV | I39: southwest | J39: public_process | K39: public_process|water_impacts|economics_jobs
A40: 2920 | B40: claude-opus-4-6 | C40: substantive_comment | D40: substantive_comment | E40: 0 | F40: support | G40: government | H40: WA | I40: northwest | J40: public_process | K40: public_process|grid_reliability|economics_jobs|climate_energy
A41: 2448 | B41: claude-opus-4-6 | C41: substantive_comment | D41: substantive_comment | E41: 0 | F41: oppose | G41: business | H41: WY | I41: northwest | J41: water_impacts | K41: water_impacts|wildlife_ecosystem|public_process|recreation_tourism|safety_risk
A42: 5371 | B42: claude-opus-4-6 | C42: substantive_comment | D42: substantive_comment | E42: 0 | F42: oppose | G42: resident | H42: NY | I42: northeast | J42: public_process | K42: public_process|water_impacts|wildlife_ecosystem|climate_energy
A43: 2747 | B43: claude-opus-4-6 | C43: substantive_comment | D43: substantive_comment | E43: 0 | F43: Support with Changes | G43: government | H43: KY | I43: midwest | J43: safety_risk | K43: safety_risk|wildlife_ecosystem|property_rights|economics_jobs|public_process
A44: 8655 | B44: claude-opus-4-6 | C44: agency_submission | D44: agency_submission | E44: 0 | F44: support | G44: tribal | I44: south_central | J44: cultural_historic | K44: cultural_historic
A45: 4607 | B45: claude-opus-4-6 | C45: agency_submission | D45: agency_submission | E45: 0 | F45: Support with Changes | G45: government | H45: LA | I45: south_central | J45: wildlife_ecosystem | K45: wildlife_ecosystem|water_impacts|safety_risk|public_process
A46: 1854 | B46: claude-opus-4-6 | C46: substantive_comment | D46: procedural_filing | E46: 1 | F46: Neutral | G46: government | H46: NM | I46: southwest | J46: grid_reliability | K46: grid_reliability|economics_jobs
A47: 9849 | B47: claude-opus-4-6 | C47: substantive_comment | D47: substantive_comment | E47: 0 | F47: oppose | G47: resident | I47: unknown | J47: wildlife_ecosystem | K47: wildlife_ecosystem|water_impacts|recreation_tourism|economics_jobs
A48: 516 | B48: claude-opus-4-6 | C48: agency_submission | D48: agency_submission | E48: 0 | F48: Support with Changes | G48: government | H48: CT | I48: northeast | J48: wildlife_ecosystem | K48: wildlife_ecosystem|water_impacts|public_process
A49: 1289 | B49: claude-opus-4-6 | C49: agency_submission | D49: agency_submission | E49: 0 | F49: Support with Changes | G49: government | H49: OH | I49: midwest | J49: water_impacts | K49: water_impacts|climate_energy|wildlife_ecosystem
A50: 8366 | B50: claude-opus-4-6 | C50: substantive_comment | D50: procedural_filing | E50: 1 | F50: Neutral | G50: business | H50: NC | I50: southeast | J50: grid_reliability | K50: economics_jobs|other
A51: 2889 | B51: claude-opus-4-6 | C51: substantive_comment | D51: substantive_comment | E51: 0 | F51: support | G51: business | I51: unknown | J51: public_process | K51: public_process|economics_jobs|climate_energy|safety_risk
A52: 5185 | B52: claude-opus-4-6 | C52: substantive_comment | D52: substantive_comment | E52: 0 | F52: oppose | G52: resident | H52: NY | I52: northeast | J52: public_process | K52: public_process|water_impacts|wildlife_ecosystem|property_rights|climate_energy
A53: 259 | B53: claude-opus-4-6 | C53: substantive_comment | D53: substantive_comment | E53: 0 | F53: support | G53: business | H53: IL | I53: midwest | J53: grid_reliability | K53: grid_reliability|climate_energy|public_process|other
A54: 474 | B54: claude-opus-4-6 | C54: agency_submission | D54: agency_submission | E54: 0 | F54: support | G54: government | H54: CA | I54: southwest | J54: cultural_historic | K54: cultural_historic|other
A55: 138 | B55: claude-opus-4-6 | C55: substantive_comment | D55: substantive_comment | E55: 0 | F55: Support with Changes | G55: business | H55: New Mexico | I55: southwest | J55: economics_jobs | K55: economics_jobs|grid_reliability|other
A56: 4744 | B56: claude-opus-4-6 | C56: substantive_comment | D56: substantive_comment | E56: 0 | F56: support | G56: government | H56: Kentucky | I56: midwest | J56: climate_energy | K56: climate_energy|economics_jobs
A57: 5338 | B57: claude-opus-4-6 | C57: substantive_comment | D57: substantive_comment | E57: 0 | F57: support | G57: business | H57: NC | I57: southeast | J57: grid_reliability | K57: grid_reliability|economics_jobs
A58: 5518 | B58: claude-opus-4-6 | C58: substantive_comment | D58: substantive_comment | E58: 0 | F58: oppose | G58: resident | H58: NY | I58: northeast | J58: water_impacts | K58: water_impacts|wildlife_ecosystem|property_rights
A59: 3333 | B59: claude-opus-4-6 | C59: substantive_comment | D59: procedural_filing | E59: 1 | F59: Neutral | G59: government | H59: TX | I59: south_central | J59: other | K59: other
A60: 9454 | B60: claude-opus-4-6 | C60: substantive_comment | D60: substantive_comment | E60: 0 | F60: oppose | G60: resident | H60: WY | I60: northwest | J60: wildlife_ecosystem | K60: wildlife_ecosystem|water_impacts|economics_jobs|public_process
A61: 896 | B61: claude-opus-4-6 | C61: substantive_comment | D61: substantive_comment | E61: 0 | F61: support | G61: unknown | I61: unknown | J61: wildlife_ecosystem | K61: wildlife_ecosystem|property_rights
A62: 2192 | B62: claude-opus-4-6 | C62: substantive_comment | D62: procedural_filing | E62: 1 | F62: Neutral | G62: business | I62: unknown | J62: other | K62: other
A63: 9847 | B63: claude-opus-4-6 | C63: substantive_comment | D63: substantive_comment | E63: 0 | F63: oppose | G63: resident | H63: WY | I63: northwest | J63: water_impacts | K63: water_impacts|recreation_tourism|wildlife_ecosystem
A64: 6929 | B64: claude-opus-4-6 | C64: agency_submission | D64: agency_submission | E64: 0 | F64: Support with Changes | G64: government | H64: MA | I64: northeast | J64: public_process | K64: public_process|water_impacts
A65: 2012 | B65: claude-opus-4-6 | C65: agency_submission | D65: procedural_filing | E65: 1 | F65: Neutral | G65: government | H65: CA | I65: southwest | J65: economics_jobs | K65: economics_jobs|grid_reliability
A66: 1010 | B66: claude-opus-4-6 | C66: agency_submission | D66: agency_submission | E66: 0 | F66: support | G66: government | H66: AK | I66: northwest | J66: wildlife_ecosystem | K66: wildlife_ecosystem
A67: 6131 | B67: claude-opus-4-6 | C67: substantive_comment | D67: procedural_filing | E67: 1 | F67: Neutral | G67: government | H67: WA | I67: northwest | J67: other | K67: wildlife_ecosystem|water_impacts
A68: 4698 | B68: claude-opus-4-6 | C68: agency_submission | D68: agency_submission | E68: 0 | F68: support | G68: government | H68: WI | I68: midwest | J68: water_impacts | K68: water_impacts|public_process
A69: 3959 | B69: claude-opus-4-6 | C69: substantive_comment | D69: substantive_comment | E69: 0 | F69: oppose | G69: government | H69: CA | I69: southwest | J69: public_process | K69: public_process|economics_jobs|grid_reliability
A70: 8850 | B70: claude-opus-4-6 | C70: substantive_comment | D70: substantive_comment | E70: 0 | F70: oppose | G70: resident | H70: ME | I70: northeast | J70: economics_jobs | K70: economics_jobs|wildlife_ecosystem|water_impacts
A71: 4479 | B71: claude-opus-4-6 | C71: substantive_comment | D71: substantive_comment | E71: 0 | F71: Support with Changes | G71: business | H71: CO | I71: southwest | J71: grid_reliability | K71: grid_reliability|economics_jobs|public_process
A72: 416 | B72: claude-opus-4-6 | C72: agency_submission | D72: agency_submission | E72: 0 | F72: Support with Changes | G72: government | H72: OR | I72: northwest | J72: water_impacts | K72: water_impacts|wildlife_ecosystem|public_process|cultural_historic
A73: 9023 | B73: claude-opus-4-6 | C73: substantive_comment | D73: substantive_comment | E73: 0 | F73: oppose | G73: business | H73: ME | I73: northeast | J73: economics_jobs | K73: economics_jobs|water_impacts|climate_energy|safety_risk
A74: 9602 | B74: claude-opus-4-6 | C74: substantive_comment | D74: substantive_comment | E74: 0 | F74: Support with Changes | G74: resident | H74: WA | I74: northwest | J74: wildlife_ecosystem | K74: wildlife_ecosystem|water_impacts|recreation_tourism|cultural_historic|climate_energy
... A76: 3637 | B76: claude-opus-4-6 | C76: substantive_comment | D76: substantive_comment | E76: 0 | F76: oppose | G76: landowner | H76: NY | I76: northeast | J76: property_rights | K76: property_rights|public_process|other
A77: 4305 | B77: claude-opus-4-6 | C77: substantive_comment | D77: substantive_comment | E77: 0 | F77: oppose | G77: business | I77: unknown | J77: grid_reliability | K77: grid_reliability|climate_energy|other
A78: 383 | B78: claude-opus-4-6 | C78: agency_submission | D78: agency_submission | E78: 0 | F78: Support with Changes | G78: government | H78: ME | I78: northeast | J78: wildlife_ecosystem | K78: wildlife_ecosystem|water_impacts|public_process
A79: 9695 | B79: claude-opus-4-6 | C79: substantive_comment | D79: substantive_comment | E79: 0 | F79: oppose | G79: recreation_group | H79: WY | I79: northwest | J79: wildlife_ecosystem | K79: wildlife_ecosystem|water_impacts|recreation_tourism
A80: 4054 | B80: claude-opus-4-6 | C80: substantive_comment | D80: substantive_comment | E80: 0 | F80: oppose | G80: resident | H80: PA | I80: northeast | J80: public_process | K80: public_process|water_impacts|wildlife_ecosystem|property_rights
A81: 2931 | B81: claude-opus-4-6 | C81: substantive_comment | D81: substantive_comment | E81: 0 | F81: support | G81: nonprofit | I81: unknown | J81: public_process | K81: public_process|climate_energy|economics_jobs|grid_reliability
A82: 6297 | B82: claude-opus-4-6 | C82: agency_submission | D82: agency_submission | E82: 0 | F82: oppose | G82: government | H82: IN | I82: midwest | J82: economics_jobs | K82: economics_jobs|public_process|climate_energy|grid_reliability
A83: 3683 | B83: claude-opus-4-6 | C83: substantive_comment | D83: substantive_comment | E83: 0 | F83: oppose | G83: resident | H83: KY | I83: southeast | J83: climate_energy | K83: climate_energy|safety_risk|public_process|water_impacts|economics_jobs
A84: 9343 | B84: claude-opus-4-6 | C84: agency_submission | D84: agency_submission | E84: 0 | F84: oppose | G84: government | H84: CA | I84: southwest | J84: safety_risk | K84: safety_risk|public_process|water_impacts
A85: 5733 | B85: claude-opus-4-6 | C85: substantive_comment | D85: substantive_comment | E85: 0 | F85: support | G85: nonprofit | H85: VA | I85: southeast | J85: climate_energy | K85: climate_energy|economics_jobs|safety_risk
A86: 6601 | B86: claude-opus-4-6 | C86: substantive_comment | D86: substantive_comment | E86: 0 | F86: Support with Changes | G86: nonprofit | I86: northeast | J86: grid_reliability | K86: grid_reliability|economics_jobs|other|climate_energy
A87: 6550 | B87: claude-opus-4-6 | C87: substantive_comment | D87: substantive_comment | E87: 0 | F87: oppose | G87: government | H87: NY | I87: northeast | J87: economics_jobs | K87: economics_jobs|public_process|grid_reliability
A88: 6619 | B88: claude-opus-4-6 | C88: substantive_comment | D88: substantive_comment | E88: 0 | F88: Support with Changes | G88: government | I88: unknown | J88: grid_reliability | K88: grid_reliability|climate_energy|other
A89: 4379 | B89: claude-opus-4-6 | C89: agency_submission | D89: procedural_filing | E89: 1 | F89: Neutral | G89: government | I89: midwest | J89: grid_reliability | K89: grid_reliability|other
A90: 923 | B90: claude-opus-4-6 | C90: substantive_comment | D90: substantive_comment | E90: 0 | F90: oppose | G90: nonprofit | I90: northeast | J90: public_process | K90: public_process|water_impacts|climate_energy
A91: 1186 | B91: claude-opus-4-6 | C91: substantive_comment | D91: substantive_comment | E91: 0 | F91: oppose | G91: unknown | I91: midwest | J91: other | K91: other|property_rights|climate_energy|other
A92: 6552 | B92: claude-opus-4-6 | C92: agency_submission | D92: agency_submission | E92: 0 | F92: oppose | G92: government | I92: midwest | J92: economics_jobs | K92: economics_jobs|grid_reliability|public_process
A93: 2292 | B93: claude-opus-4-6 | C93: substantive_comment | D93: substantive_comment | E93: 0 | F93: Neutral | G93: nonprofit | I93: unknown | J93: public_process | K93: public_process|economics_jobs
A94: 5978 | B94: claude-opus-4-6 | C94: substantive_comment | D94: substantive_comment | E94: 0 | F94: Support with Changes | G94: business | H94: ME | I94: northeast | J94: recreation_tourism | K94: recreation_tourism|water_impacts|economics_jobs
A95: 5891 | B95: claude-opus-4-6 | C95: agency_submission | D95: procedural_filing | E95: 1 | F95: Neutral | G95: government | H95: LA | I95: south_central | J95: other | K95: climate_energy|water_impacts|wildlife_ecosystem
A96: 7289 | B96: claude-opus-4-6 | C96: agency_submission | D96: agency_submission | E96: 0 | F96: support | G96: government | H96: VA | I96: southeast | J96: wildlife_ecosystem | K96: wildlife_ecosystem|water_impacts|public_process
A97: 3810 | B97: claude-opus-4-6 | C97: substantive_comment | D97: substantive_comment | E97: 0 | F97: oppose | G97: resident | I97: northeast | J97: wildlife_ecosystem | K97: wildlife_ecosystem|water_impacts|climate_energy
A98: 2814 | B98: claude-opus-4-6 | C98: substantive_comment | D98: procedural_filing | E98: 1 | F98: Neutral | G98: government | H98: CT | I98: northeast | J98: grid_reliability | K98: grid_reliability|economics_jobs
A99: 8263 | B99: claude-opus-4-6 | C99: agency_submission | D99: agency_submission | E99: 0 | F99: support | G99: government | H99: VT | I99: northeast | J99: wildlife_ecosystem | K99: wildlife_ecosystem|water_impacts
A100: 5264 | B100: claude-opus-4-6 | C100: agency_submission | D100: agency_submission | E100: 0 | F100: Support with Changes | G100: government | H100: PA | I100: northeast | J100: water_impacts | K100: water_impacts|wildlife_ecosystem|public_process|grid_reliability
A101: 2480 | B101: claude-opus-4-6 | C101: substantive_comment | D101: substantive_comment | E101: 0 | F101: oppose | G101: nonprofit | H101: WY | I101: northwest | J101: public_process | K101: public_process|wildlife_ecosystem|recreation_tourism|economics_jobs|water_impacts
...

Sheet Sheet1

Sheet Hand Coded
A1: pdf_id | B1: llm_support_label | C1: Feedback Theme | D1: Project Type | E1: Commenter Type | F1: Project State | G1: Project Region
A2: 138 | B2: Support with Changes | C2: public_process | D2: market_rate | E2: business | F2: Unknown | G2: Unknown
A3: 241 | B3: Support with Changes | C3: wildlife_ecosystem | D3: hydropower | E3: government | F3: WY | G3: northwest
A4: 259 | B4: Neutral | C4: public_process | D4: market_rate | E4: business | F4: Unknown | G4: Unknown
A5: 264 | B5: Oppose | C5: wildlife_ecosystem | D5: hydropower | E5: government | F5: MI | G5: midwest
A6: 273 | B6: Neutral | C6: public_process | D6: hydropower | E6: government | F6: Unknown | G6: Unknown
A7: 383 | B7: Support with Changes | C7: wildlife_ecosystem | D7: hydropower | E7: government | F7: ME | G7: northeast
A8: 416 | B8: Support with Changes | C8: water_impacts | D8: hydropower | E8: government | F8: OR | G8: northwest
A9: 474 | B9: Neutral | C9: public_process | D9: hydropower | E9: government | F9: CA | G9: southwest
A10: 516 | B10: Support with Changes | C10: wildlife_ecosystem | D10: hydropower | E10: government | F10: CT | G10: northeast
A11: 729 | B11: Neutral | C11: other | D11: grid_reliability | E11: business | F11: Unknown | G11: Unknown
A12: 761 | B12: Support | C12: economics_jobs | D12: natural_gas_pipeline | E12: business | F12: FL | G12: southeast
A13: 779 | B13: Oppose | C13: water_impacts | D13: natural_gas_pipeline | E13: nonprofit | F13: MD | G13: southeast
... A218: 6550 | B218: Oppose | C218: property_rights | D218: natural_gas_pipeline | E218: resident | F218: NY | G218: Northeast
A219: 6552 | B219: Neutral | C219: grid_reliability | D219: natural_gas_pipeline | E219: organization
A220: 6563 | B220: Support | C220: public_process | D220: natural_gas_pipeline | E220: business | F220: multiple states
A221: 6588 | B221: Neutral | C221: property_rights | D221: natural_gas_pipeline | E221: resident | F221: NY | G221: Northeast
A222: 6601 | B222: Neutral | C222: grid_reliability | D222: electric_transmission | E222: organization | F222: multiple states
A223: 6619 | B223: Support | C223: public_process | D223: natural_gas_pipeline | E223: organziation | F223: multiple states
A224: 6629 | B224: Support | C224: public_process | D224: electric_transmission | E224: organization | F224: multiple states
A225: 6737 | B225: Oppose | C225: public_process | D225: natural_gas_pipeline | E225: resident | F225: NY | G225: Northeast
A226: 6929 | B226: Oppose | C226: hydropower | D226: natural_gas_pipeline | E226: government | F226: MI | G226: Midwest
A227: 6988 | B227: Support | C227: wildlife_ecosystem | D227: hydropower | E227: organization | F227: VA | G227: Southeast
A228: 7256 | B228: Support | C228: wildlife_ecosystem | D228: hydropower | E228: organization | F228: VA | G228: Southeast
A229: 7264 | B229: Oppose | C229: history | D229: natural_gas_pipeline | E229: resident | F229: KY | G229: Southeast
A230: 7289 | B230: Oppose | C230: wildlife_ecosystem | D230: hydropower | E230: government | F230: VA | G230: Southeast
A231: 7316 | B231: Oppose | C231: public_process | D231: natural_gas_pipeline | E231: resident | F231: NY | G231: Northeast
A232: 6955 | B232: Oppose | C232: public_process | D232: natural_gas_pipeline | E232: organization | F232: NY | G232: Northeast
A233: 4746 | B233: Support | C233: economics_jobs | D233: natural_gas_pipeline | E233: organization | F233: KY | G233: Southeast
A234: 1485 | B234: Oppose | C234: wildlife_ecosystem | D234: natural_gas_pipeline | E234: organization | G234: Midwest
A235: 9768 | B235: Oppose | C235: wildlife_ecosystem | D235: hydropower | E235: resident | F235: WY | G235: West

Sheet Accuracy Table
A1: gemini-3.1-pro-preview
A2: Manually Identified Stance | B2: Number Correct | C2: Total Number of Manually Identified Entries | D2: Recall (%)
A3: Support | B3: {=SUMPRODUCT(('Hand Coded'!B$1:B$10000="Support")*(IFERROR(INDEX('gemini-3.1-pro-preview'!$F:$F,MATCH('Hand Coded'!A$1:A$10000,'gemini-3.1-pro-preview'!$A:$A,0)),"")="support"))} -> 34 | C3: =COUNTIF('Hand Coded'!B:B,"Support") -> 47 | D3: =IF(C3=0,0,B3/C3) -> 0.72340426
A4: Support with Changes | B4: {=SUMPRODUCT(('Hand Coded'!B$1:B$10000="Support with Changes")*(IFERROR(INDEX('gemini-3.1-pro-preview'!$F:$F,MATCH('Hand Coded'!A$1:A$10000,'gemini-3.1-pro-preview'!$A:$A,0)),"")="Support with Changes"))} -> 33 | C4: =COUNTIF('Hand Coded'!B:B,"Support with Changes") -> 39 | D4: =IF(C4=0,0,B4/C4) -> 0.84615385
A5: Oppose | B5: {=SUMPRODUCT(('Hand Coded'!B$1:B$10000="Oppose")*(IFERROR(INDEX('gemini-3.1-pro-preview'!$F:$F,MATCH('Hand Coded'!A$1:A$10000,'gemini-3.1-pro-preview'!$A:$A,0)),"")="oppose"))} -> 85 | C5: =COUNTIF('Hand Coded'!B:B,"Oppose") -> 101 | D5: =IF(C5=0,0,B5/C5) -> 0.84158416
A6: Neutral | B6: {=SUMPRODUCT(('Hand Coded'!B$1:B$10000="Neutral")*(IFERROR(INDEX('gemini-3.1-pro-preview'!$F:$F,MATCH('Hand Coded'!A$1:A$10000,'gemini-3.1-pro-preview'!$A:$A,0)),"")="Neutral"))} -> 35 | C6: =COUNTIF('Hand Coded'!B:B,"Neutral") -> 47 | D6: =IF(C6=0,0,B6/C6) -> 0.74468085
A7: Total | B7: =SUM(B3:B6) -> 187 | C7: =SUM(C3:C6) -> 234 | D7: =IF(C7=0,0,B7/C7) -> 0.7991453
A9: gpt-5.4
A10: Manually Identified Stance | B10: Number Correct | C10: Total Number of Manually Identified Entries | D10: Recall (%)
A11: Support | B11: {=SUMPRODUCT(('Hand Coded'!B$1:B$10000="Support")*(IFERROR(INDEX('gpt-5.4'!$F:$F,MATCH('Hand Coded'!A$1:A$10000,'gpt-5.4'!$A:$A,0)),"")="support"))} -> 29 | C11: =C3 -> 47 | D11: =IF(C11=0,0,B11/C11) -> 0.61702128
A12: Support with Changes | B12: {=SUMPRODUCT(('Hand Coded'!B$1:B$10000="Support with Changes")*(IFERROR(INDEX('gpt-5.4'!$F:$F,MATCH('Hand Coded'!A$1:A$10000,'gpt-5.4'!$A:$A,0)),"")="Support with Changes"))} -> 29 | C12: =C4 -> 39 | D12: =IF(C12=0,0,B12/C12) -> 0.74358974
A13: Oppose | B13: {=SUMPRODUCT(('Hand Coded'!B$1:B$10000="Oppose")*(IFERROR(INDEX('gpt-5.4'!$F:$F,MATCH('Hand Coded'!A$1:A$10000,'gpt-5.4'!$A:$A,0)),"")="oppose"))} -> 63 | C13: =C5 -> 101 | D13: =IF(C13=0,0,B13/C13) -> 0.62376238
A14: Neutral | B14: {=SUMPRODUCT(('Hand Coded'!B$1:B$10000="Neutral")*(IFERROR(INDEX('gpt-5.4'!$F:$F,MATCH('Hand Coded'!A$1:A$10000,'gpt-5.4'!$A:$A,0)),"")="Neutral"))} -> 39 | C14: =C6 -> 47 | D14: =IF(C14=0,0,B14/C14) -> 0.82978723
A15: Total | B15: =SUM(B11:B14) -> 160 | C15: =SUM(C11:C14) -> 234 | D15: =IF(C15=0,0,B15/C15) -> 0.68376068
A17: claude-opus-4-6
A18: Manually Identified Stance | B18: Number Correct | C18: Total Number of Manually Identified Entries | D18: Recall (%)
A19: Support | B19: {=SUMPRODUCT(('Hand Coded'!B$1:B$10000="Support")*(IFERROR(INDEX('claude-opus-4-6'!$F:$F,MATCH('Hand Coded'!A$1:A$10000,'claude-opus-4-6'!$A:$A,0)),"")="support"))} -> 38 | C19: =C3 -> 47 | D19: =IF(C19=0,0,B19/C19) -> 0.80851064
A20: Support with Changes | B20: {=SUMPRODUCT(('Hand Coded'!B$1:B$10000="Support with Changes")*(IFERROR(INDEX('claude-opus-4-6'!$F:$F,MATCH('Hand Coded'!A$1:A$10000,'claude-opus-4-6'!$A:$A,0)),"")="Support with Changes"))} -> 30 | C20: =C4 -> 39 | D20: =IF(C20=0,0,B20/C20) -> 0.76923077
A21: Oppose | B21: {=SUMPRODUCT(('Hand Coded'!B$1:B$10000="Oppose")*(IFERROR(INDEX('claude-opus-4-6'!$F:$F,MATCH('Hand Coded'!A$1:A$10000,'claude-opus-4-6'!$A:$A,0)),"")="oppose"))} -> 91 | C21: =C5 -> 101 | D21: =IF(C21=0,0,B21/C21) -> 0.9009901
A22: Neutral | B22: {=SUMPRODUCT(('Hand Coded'!B$1:B$10000="Neutral")*(IFERROR(INDEX('claude-opus-4-6'!$F:$F,MATCH('Hand Coded'!A$1:A$10000,'claude-opus-4-6'!$A:$A,0)),"")="Neutral"))} -> 28 | C22: =C6 -> 47 | D22: =IF(C22=0,0,B22/C22) -> 0.59574468
A23: Total | B23: =SUM(B19:B22) -> 187 | C23: =SUM(C19:C22) -> 234 | D23: =IF(C23=0,0,B23/C23) -> 0.7991453

Sheet Error tracing
A1: Error Tracing: Accuracy by Document Type Mismatch Status
A2: Comparing model accuracy when llm_document_type matches vs. mismatches llm_model_document_type
A4: NO MISMATCH (llm_doctype_mismatch = 0)
A6: gemini-3.1-pro-preview (No Mismatch: 189 entries)
A7: Manually Identified Stance | B7: Number Correct | C7: Total Number of Manually Identified Entries | D7: Recall (%)
A8: Support | B8: 26 | C8: 42 | D8: =B8/C8 -> 0.61904762
A9: Support with Changes | B9: 22 | C9: 28 | D9: =B9/C9 -> 0.78571429
A10: Oppose | B10: 73 | C10: 79 | D10: =B10/C10 -> 0.92405063
A11: Neutral | B11: 2 | C11: 29 | D11: =B11/C11 -> 0.068965517
A12: Total | B12: =SUM(B8:B11) -> 123 | C12: =SUM(C8:C11) -> 178 | D12: =B12/C12 -> 0.69101124
A14: gpt-5.4 (No Mismatch: 156 entries)
A15: Manually Identified Stance | B15: Number Correct | C15: Total Number of Manually Identified Entries | D15: Recall (%)
A16: Support | B16: 23 | C16: 34 | D16: =B16/C16 -> 0.67647059
A17: Support with Changes | B17: 22 | C17: 24 | D17: =B17/C17 -> 0.91666667
A18: Oppose | B18: 58 | C18: 67 | D18: =B18/C18 -> 0.86567164
A19: Neutral | B19: 3 | C19: 21 | D19: =B19/C19 -> 0.14285714
A20: Total | B20: =SUM(B16:B19) -> 106 | C20: =SUM(C16:C19) -> 146 | D20: =B20/C20 -> 0.7260274
A22: claude-opus-4-6 (No Mismatch: 200 entries)
A23: Manually Identified Stance | B23: Number Correct | C23: Total Number of Manually Identified Entries | D23: Recall (%)
A24: Support | B24: 32 | C24: 43 | D24: =B24/C24 -> 0.74418605
A25: Support with Changes | B25: 21 | C25: 30 | D25: =B25/C25 -> 0.7
A26: Oppose | B26: 80 | C26: 82 | D26: =B26/C26 -> 0.97560976
A27: Neutral | B27: 0 | C27: 34 | D27: =B27/C27 -> 0
A28: Total | B28: =SUM(B24:B27) -> 133 | C28: =SUM(C24:C27) -> 189 | D28: =B28/C28 -> 0.7037037
A31: MISMATCH (llm_doctype_mismatch = 1)
A33: gemini-3.1-pro-preview (Mismatch: 51 entries)
A34: Manually Identified Stance | B34: Number Correct | C34: Total Number of Manually Identified Entries | D34: Recall (%)
A35: Support | B35: 1 | C35: 9 | D35: =B35/C35 -> 0.11111111
A36: Support with Changes | B36: 2 | C36: 2 | D36: =B36/C36 -> 1
A37: Oppose | B37: 5 | C37: 11 | D37: =B37/C37 -> 0.45454545
A38: Neutral | B38: 28 | C38: 29 | D38: =B38/C38 -> 0.96551724
A39: Total | B39: =SUM(B35:B38) -> 36 | C39: =SUM(C35:C38) -> 51 | D39: =B39/C39 -> 0.70588235
A41: gpt-5.4 (Mismatch: 84 entries)
A42: Manually Identified Stance | B42: Number Correct | C42: Total Number of Manually Identified Entries | D42: Recall (%)
A43: Support | B43: 1 | C43: 17 | D43: =B43/C43 -> 0.058823529
A44: Support with Changes | B44: 0 | C44: 6 | D44: =B44/C44 -> 0
A45: Oppose | B45: 0 | C45: 23 | D45: =B45/C45 -> 0
A46: Neutral | B46: 36 | C46: 37 | D46: =B46/C46 -> 0.97297297
A47: Total | B47: =SUM(B43:B46) -> 37 | C47: =SUM(C43:C46) -> 83 | D47: =B47/C47 -> 0.44578313
A49: claude-opus-4-6 (Mismatch: 40 entries)
A50: Manually Identified Stance | B50: Number Correct | C50: Total Number of Manually Identified Entries | D50: Recall (%)
A51: Support | B51: 1 | C51: 8 | D51: =B51/C51 -> 0.125
A52: Support with Changes | B52: 0 | C52: 0 | D52: N/A
A53: Oppose | B53: 3 | C53: 8 | D53: =B53/C53 -> 0.375
A54: Neutral | B54: 24 | C54: 24 | D54: =B54/C54 -> 1
A55: Total | B55: =SUM(B51:B54) -> 28 | C55: =SUM(C51:C54) -> 40 | D55: =B55/C55 -> 0.7
A58: SUMMARY: Overall Recall Comparison
A60: Model | B60: No Mismatch Recall | C60: Mismatch Recall | D60: Difference (No Mismatch − Mismatch) | E60: Mismatch Count | F60: No Mismatch Count
A61: gemini-3.1-pro-preview | B61: =D12 -> 0.69101124 | C61: =D39 -> 0.70588235 | D61: =B61-C61 -> -0.014871117 | E61: 51 | F61: 189
A62: gpt-5.4 | B62: =D20 -> 0.7260274 | C62: =D47 -> 0.44578313 | D62: =B62-C62 -> 0.28024426 | E62: 84 | F62: 156
A63: claude-opus-4-6 | B63: =D28 -> 0.7037037 | C63: =D55 -> 0.7 | D63: =B63-C63 -> 0.0037037037 | E63: 40 | F63: 200
A65: KEY FINDINGS:
A66: 1. When there's a document type mismatch, all models heavily default to predicting 'Neutral' (mapped as neutral_informative), inflating Neutral recall but collapsing recall for all other stances.
A67: 2. GPT-5.4 is most affected: 84 mismatches (35% of entries) with 0% recall on Oppose and Support with Changes in mismatch cases, and overall mismatch recall drops to 44.6%.
A68: 3. Claude-opus-4-6 has the fewest mismatches (40, 17%) and maintains the highest No-Mismatch Oppose recall (97.6%), but still shows 0% Neutral recall in no-mismatch cases.
A69: 4. Gemini shows relatively balanced performance: mismatch barely affects overall recall (−1.5pp), though individual stance accuracy shifts significantly.
