Workbook

Sheet gemini-3.1-flash-lite-preview
A1: pdf_id | B1: model | C1: llm_document_type | D1: llm_model_document_type | E1: llm_doctype_mismatch | F1: llm_support_label | G1: llm_project_type | H1: llm_commenter_type | I1: llm_project_state | J1: llm_project_region | K1: llm_feedback_theme_primary | L1: llm_feedback_theme_tags
A2: 5699 | B2: gemini-3.1-flash-lite-preview | C2: substantive_comment | D2: substantive_comment | E2: 0 | F2: oppose | G2: market_rate | H2: nonprofit | I2: NM | J2: southwest | K2: public_process | L2: public_process|economics_jobs
A3: 4699 | B3: gemini-3.1-flash-lite-preview | C3: agency_submission | D3: procedural_filing | E3: 1 | F3: Neutral | G3: hydropower | H3: government | I3: WI | J3: midwest | K3: public_process | L3: Unknown
A4: 9753 | B4: gemini-3.1-flash-lite-preview | C4: agency_submission | D4: agency_submission | E4: 0 | F4: Support with Changes | G4: market_rate | H4: government | I4: WY | J4: northwest | K4: water_impacts | L4: water_impacts|wildlife_ecosystem|safety_risk
A5: 3658 | B5: gemini-3.1-flash-lite-preview | C5: substantive_comment | D5: substantive_comment | E5: 0 | F5: Support with Changes | G5: hydropower | H5: resident | I5: PA | J5: northeast | K5: water_impacts | L5: water_impacts|wildlife_ecosystem|public_process
A6: 7316 | B6: gemini-3.1-flash-lite-preview | C6: substantive_comment | D6: substantive_comment | E6: 0 | F6: oppose | G6: hydropower | H6: resident | I6: Unknown | J6: northeast | K6: public_process | L6: public_process
A7: 3504 | B7: gemini-3.1-flash-lite-preview | C7: substantive_comment | D7: substantive_comment | E7: 0 | F7: support | G7: hydropower | H7: nonprofit | I7: Unknown | J7: northeast | K7: economics_jobs | L7: economics_jobs|climate_energy
A8: 2910 | B8: gemini-3.1-flash-lite-preview | C8: substantive_comment | D8: substantive_comment | E8: 0 | F8: oppose | G8: hydropower | H8: nonprofit | I8: Unknown | J8: midwest | K8: public_process | L8: climate_energy|public_process
A9: 3227 | B9: gemini-3.1-flash-lite-preview | C9: substantive_comment | D9: substantive_comment | E9: 0 | F9: Support with Changes | G9: hydropower | H9: resident | I9: Unknown | J9: unknown | K9: wildlife_ecosystem | L9: wildlife_ecosystem
A10: 5810 | B10: gemini-3.1-flash-lite-preview | C10: substantive_comment | D10: substantive_comment | E10: 0 | F10: Support with Changes | G10: hydropower | H10: nonprofit | I10: MN | J10: midwest | K10: cultural_historic | L10: cultural_historic|public_process
A11: 6468 | B11: gemini-3.1-flash-lite-preview | C11: agency_submission | D11: procedural_filing | E11: 1 | F11: Neutral | G11: market_rate | H11: government | I11: TN | J11: southeast | K11: public_process | L11: cultural_historic
A12: 10180 | B12: gemini-3.1-flash-lite-preview | C12: substantive_comment | D12: substantive_comment | E12: 0 | F12: oppose | G12: market_rate | H12: resident | I12: Unknown | J12: midwest | K12: wildlife_ecosystem | L12: wildlife_ecosystem|climate_energy
A13: 7264 | B13: gemini-3.1-flash-lite-preview | C13: substantive_comment | D13: substantive_comment | E13: 0 | F13: Support with Changes | G13: natural_gas_pipeline | H13: landowner | I13: KY | J13: southeast | K13: cultural_historic | L13: cultural_historic|water_impacts|public_process
... A241: 2967 | B241: gemini-3.1-flash-lite-preview | C241: agency_submission | D241: agency_submission | E241: 0 | F241: Neutral | G241: natural_gas_pipeline | H241: government | I241: OK | J241: south_central | K241: public_process | L241: public_process|cultural_historic

Sheet gpt-5.4-mini
A1: pdf_id | B1: model | C1: llm_document_type | D1: llm_model_document_type | E1: llm_doctype_mismatch | F1: llm_support_label | G1: llm_project_type | H1: llm_commenter_type | I1: llm_project_state | J1: llm_project_region | K1: llm_feedback_theme_primary | L1: llm_feedback_theme_tags
A2: 5699 | B2: gpt-5.4-mini | C2: substantive_comment | D2: substantive_comment | E2: 0 | F2: oppose | G2: market_rate | H2: nonprofit | I2: NM | J2: southwest | K2: economics_jobs | L2: other|other
A3: 4699 | B3: gpt-5.4-mini | C3: agency_submission | D3: procedural_filing | E3: 1 | F3: Neutral | G3: hydropower | H3: government | I3: WI | J3: midwest | K3: public_process | L3: public_process
A4: 9753 | B4: gpt-5.4-mini | C4: agency_submission | D4: agency_submission | E4: 0 | F4: Support with Changes | G4: market_rate | H4: government | I4: WY | J4: northwest | K4: water_impacts | L4: wildlife_ecosystem|public_process|recreation_tourism|cultural_historic|safety_risk
A5: 3658 | B5: gpt-5.4-mini | C5: substantive_comment | D5: substantive_comment | E5: 0 | F5: Support with Changes | G5: hydropower | H5: resident | I5: PA | J5: northeast | K5: water_impacts | L5: wildlife_ecosystem|public_process|property_rights
A6: 7316 | B6: gpt-5.4-mini | C6: substantive_comment | D6: substantive_comment | E6: 0 | F6: oppose | G6: hydropower | H6: resident | I6: Unknown | J6: unknown | K6: public_process | L6: public_process
A7: 3504 | B7: gpt-5.4-mini | C7: substantive_comment | D7: substantive_comment | E7: 0 | F7: support | G7: hydropower | H7: nonprofit | I7: NY | J7: northeast | K7: economics_jobs | L7: climate_energy
A8: 2910 | B8: gpt-5.4-mini | C8: substantive_comment | D8: substantive_comment | E8: 0 | F8: oppose | G8: hydropower | H8: business | I8: Unknown | J8: midwest | K8: grid_reliability | L8: other|grid_reliability
A9: 3227 | B9: gpt-5.4-mini | C9: substantive_comment | D9: substantive_comment | E9: 0 | F9: Support with Changes | G9: hydropower | H9: resident | I9: Unknown | J9: unknown | K9: wildlife_ecosystem | L9: wildlife_ecosystem
A10: 5810 | B10: gpt-5.4-mini | C10: substantive_comment | D10: substantive_comment | E10: 0 | F10: Support with Changes | G10: hydropower | H10: nonprofit | I10: MN | J10: midwest | K10: cultural_historic | L10: public_process|cultural_historic|other
A11: 6468 | B11: gpt-5.4-mini | C11: agency_submission | D11: procedural_filing | E11: 1 | F11: Neutral | G11: electric_transmission | H11: government | I11: TN | J11: southeast | K11: public_process | L11: cultural_historic|public_process
A12: 10180 | B12: gpt-5.4-mini | C12: substantive_comment | D12: substantive_comment | E12: 0 | F12: oppose | G12: market_rate | H12: resident | I12: Unknown | J12: midwest | K12: climate_energy | L12: other|wildlife_ecosystem|climate_energy
A13: 7264 | B13: gpt-5.4-mini | C13: substantive_comment | D13: substantive_comment | E13: 0 | F13: Support with Changes | G13: lng_terminal | H13: resident | I13: KY | J13: southwest | K13: cultural_historic | L13: other|other
... A241: 2967 | B241: gpt-5.4-mini | C241: agency_submission | D241: agency_submission | E241: 0 | F241: Neutral | G241: natural_gas_pipeline | H241: government | I241: OK | J241: south_central | K241: public_process | L241: cultural_historic

Sheet claude-sonnet-4-6
A1: pdf_id | B1: model | C1: llm_document_type | D1: llm_model_document_type | E1: llm_doctype_mismatch | F1: llm_support_label | G1: llm_project_type | H1: llm_commenter_type | I1: llm_project_state | J1: llm_project_region | K1: llm_feedback_theme_primary | L1: llm_feedback_theme_tags
A2: 138 | B2: claude-sonnet-4-6 | C2: substantive_comment | D2: substantive_comment | E2: 0 | F2: Support with Changes | G2: market_rate | H2: business | I2: NM | J2: southwest | K2: economics_jobs | L2: economics_jobs|public_process
A3: 241 | B3: claude-sonnet-4-6 | C3: agency_submission | D3: agency_submission | E3: 0 | F3: Support with Changes | G3: hydropower | H3: government | I3: WY | J3: northwest | K3: wildlife_ecosystem | L3: wildlife_ecosystem|water_impacts|public_process
A4: 259 | B4: claude-sonnet-4-6 | C4: substantive_comment | D4: substantive_comment | E4: 0 | F4: support | G4: market_rate | H4: business | I4: IL | J4: midwest | K4: climate_energy | L4: climate_energy|economics_jobs|public_process
A5: 264 | B5: claude-sonnet-4-6 | C5: agency_submission | D5: agency_submission | E5: 0 | F5: oppose | G5: hydropower | H5: government | I5: MI | J5: midwest | K5: wildlife_ecosystem | L5: wildlife_ecosystem|recreation_tourism|water_impacts|public_process
A6: 273 | B6: claude-sonnet-4-6 | C6: agency_submission | D6: agency_submission | E6: 0 | F6: Support with Changes | G6: hydropower | H6: government | I6: MO | J6: midwest | K6: cultural_historic | L6: cultural_historic|public_process
A7: 383 | B7: claude-sonnet-4-6 | C7: agency_submission | D7: agency_submission | E7: 0 | F7: Support with Changes | G7: hydropower | H7: government | I7: ME | J7: northeast | K7: wildlife_ecosystem | L7: wildlife_ecosystem|water_impacts|public_process
A8: 416 | B8: claude-sonnet-4-6 | C8: agency_submission | D8: agency_submission | E8: 0 | F8: Support with Changes | G8: hydropower | H8: government | I8: OR | J8: northwest | K8: water_impacts | L8: water_impacts|wildlife_ecosystem|public_process
A9: 474 | B9: claude-sonnet-4-6 | C9: agency_submission | D9: agency_submission | E9: 0 | F9: support | G9: hydropower | H9: government | I9: CA | J9: southwest | K9: cultural_historic | L9: cultural_historic|public_process
A10: 516 | B10: claude-sonnet-4-6 | C10: agency_submission | D10: agency_submission | E10: 0 | F10: Support with Changes | G10: hydropower | H10: government | I10: CT | J10: northeast | K10: wildlife_ecosystem | L10: wildlife_ecosystem|water_impacts|public_process
A11: 729 | B11: claude-sonnet-4-6 | C11: substantive_comment | D11: procedural_filing | E11: 1 | F11: Neutral | G11: electric_transmission | H11: business | I11: Unknown | J11: unknown | K11: climate_energy | L11: climate_energy|economics_jobs|grid_reliability
A12: 761 | B12: claude-sonnet-4-6 | C12: substantive_comment | D12: substantive_comment | E12: 0 | F12: support | G12: market_rate | H12: business | I12: FL | J12: southeast | K12: economics_jobs | L12: economics_jobs|grid_reliability
A13: 777 | B13: claude-sonnet-4-6 | C13: substantive_comment | D13: substantive_comment | E13: 0 | F13: oppose | G13: lng_terminal | H13: nonprofit | I13: LA | J13: south_central | K13: wildlife_ecosystem | L13: wildlife_ecosystem|water_impacts|economics_jobs|public_process
... A241: 10239 | B241: claude-sonnet-4-6 | C241: substantive_comment | D241: substantive_comment | E241: 0 | F241: support | G241: natural_gas_pipeline | H241: resident | I241: Virginia | J241: southeast | K241: economics_jobs | L241: economics_jobs|climate_energy|grid_reliability

Sheet Hand Coded
A1: pdf_id | B1: llm_support_label | C1: Feedback Theme | D1: Project Type | E1: Commenter Type | F1: Project State | G1: Project Region
A2: 138 | B2: Support with Changes | C2: public_process | D2: market_rate | E2: business | F2: Unknown | G2: Unknown
A3: 241 | B3: Support with Changes | C3: wildlife_ecosystem | D3: hydropower | E3: government | F3: WY | G3: northwest
A4: 259 | B4: Neutral | C4: public_process | D4: market_rate | E4: business | F4: Unknown | G4: Unknown
A5: 264 | B5: Oppose | C5: wildlife_ecosystem | D5: hydropower | E5: government | F5: MI | G5: midwest
A6: 273 | B6: Neutral | C6: public_process | D6: hydropower | E6: government | F6: Unknown | G6: Unknown
A7: 383 | B7: Support with Changes | C7: wildlife_ecosystem | D7: hydropower | E7: government | F7: ME | G7: northeast
A8: 416 | B8: Support with Changes | C8: water_impacts | D8: hydropower | E8: government | F8: OR | G8: northwest
A9: 474 | B9: Neutral | C9: public_process | D9: hydropower | E9: government | F9: CA | G9: southwest
A10: 516 | B10: Support with Changes | C10: wildlife_ecosystem | D10: hydropower | E10: government | F10: CT | G10: northeast
A11: 729 | B11: Neutral | C11: other | D11: grid_reliability | E11: business | F11: Unknown | G11: Unknown
A12: 761 | B12: Support | C12: economics_jobs | D12: natural_gas_pipeline | E12: business | F12: FL | G12: southeast
A13: 779 | B13: Oppose | C13: water_impacts | D13: natural_gas_pipeline | E13: nonprofit | F13: MD | G13: southeast
... A218: 6550 | B218: Oppose | C218: property_rights | D218: natural_gas_pipeline | E218: resident | F218: NY | G218: Northeast
A219: 6552 | B219: Neutral | C219: grid_reliability | D219: natural_gas_pipeline | E219: organization
A220: 6563 | B220: Support | C220: public_process | D220: natural_gas_pipeline | E220: business | F220: multiple states
A221: 6588 | B221: Neutral | C221: property_rights | D221: natural_gas_pipeline | E221: resident | F221: NY | G221: Northeast
A222: 6601 | B222: Neutral | C222: grid_reliability | D222: electric_transmission | E222: organization | F222: multiple states
A223: 6619 | B223: Support | C223: public_process | D223: natural_gas_pipeline | E223: organziation | F223: multiple states
A224: 6629 | B224: Support | C224: public_process | D224: electric_transmission | E224: organization | F224: multiple states
A225: 6737 | B225: Oppose | C225: public_process | D225: natural_gas_pipeline | E225: resident | F225: NY | G225: Northeast
A226: 6929 | B226: Oppose | C226: hydropower | D226: natural_gas_pipeline | E226: government | F226: MI | G226: Midwest
A227: 6988 | B227: Support | C227: wildlife_ecosystem | D227: hydropower | E227: organization | F227: VA | G227: Southeast
A228: 7256 | B228: Support | C228: wildlife_ecosystem | D228: hydropower | E228: organization | F228: VA | G228: Southeast
A229: 7264 | B229: Oppose | C229: history | D229: natural_gas_pipeline | E229: resident | F229: KY | G229: Southeast
A230: 7289 | B230: Oppose | C230: wildlife_ecosystem | D230: hydropower | E230: government | F230: VA | G230: Southeast
A231: 7316 | B231: Oppose | C231: public_process | D231: natural_gas_pipeline | E231: resident | F231: NY | G231: Northeast
A232: 6955 | B232: Oppose | C232: public_process | D232: natural_gas_pipeline | E232: organization | F232: NY | G232: Northeast
A233: 4746 | B233: Support | C233: economics_jobs | D233: natural_gas_pipeline | E233: organization | F233: KY | G233: Southeast
A234: 1485 | B234: Oppose | C234: wildlife_ecosystem | D234: natural_gas_pipeline | E234: organization | G234: Midwest
A235: 9768 | B235: Oppose | C235: wildlife_ecosystem | D235: hydropower | E235: resident | F235: WY | G235: West

Sheet Jess
A1: pdf_id | B1: llm_support_level (Sentiment/Support Level) | C1: Feedback Theme | D1: Project Type | E1: Commenter Type | F1: Project State | G1: Project Region
A2: 5178 | B2: Oppose | C2: water_impacts | D2: natural_gas_pipeline | E2: government | F2: NY | G2: Northeast
A3: 5185 | B3: Oppose | C3: public_process | D3: natural_gas_pipeline | E3: resident | F3: NY | G3: Northeast
A4: 5264 | B4: Neutral | C4: water_impacts | D4: hydropower | E4: government | F4: PA | G4: Northeast
A5: 5265 | B5: Neutral | C5: wildlife_ecosystem | D5: hydropower | E5: government | F5: PA | G5: Northeast
A6: 5300 | B6: Oppose | C6: wildlife_ecosystem | D6: natural_gas_pipeline | E6: resident | F6: NY | G6: Northeast
A7: 5312 | B7: Oppose | C7: wildlife_ecosystem | D7: natural_gas_pipeline | E7: resident | F7: NY | G7: Northeast
A8: 5331 | B8: Oppose | C8: property_rights | D8: natural_gas_pipeline | E8: resident | F8: NY | G8: Northeast
A9: 5338 | B9: Support | C9: grid_reliability | D9: electric_transmission | E9: organization | F9: NC | G9: Southeast
A10: 5344 | B10: Oppose | C10: public_process | D10: natural_gas_pipeline | E10: resident | F10: NY | G10: Northeast
A11: 5371 | B11: Oppose | C11: public_process | D11: natural_gas_pipeline | E11: resident | F11: NY | G11: Northeast
A12: 5518 | B12: Oppose | C12: water_impacts | D12: natural_gas_pipeline | E12: resident | F12: NY | G12: Northeast
A13: 5661 | B13: Oppose | C13: electric_transmission | D13: other | E13: business | F13: CA | G13: Southwest
... A38: 6550 | B38: Neutral | C38: property_rights | D38: natural_gas_pipeline | E38: resident | F38: NY | G38: Northeast
A39: 6552 | B39: Neutral | C39: grid_reliability | D39: natural_gas_pipeline | E39: organization
A40: 6563 | B40: Support | C40: public_process | D40: natural_gas_pipeline | E40: business | F40: multiple states
A41: 6588 | B41: Neutral | C41: property_rights | D41: natural_gas_pipeline | E41: resident | F41: NY | G41: Northeast
A42: 6601 | B42: Neutral | C42: grid_reliability | D42: electric_transmission | E42: organization | F42: multiple states
A43: 6619 | B43: Support | C43: public_process | D43: natural_gas_pipeline | E43: organziation | F43: multiple states
A44: 6629 | B44: Support | C44: public_process | D44: electric_transmission | E44: organization | F44: multiple states
A45: 6737 | B45: Oppose | C45: public_process | D45: natural_gas_pipeline | E45: resident | F45: NY | G45: Northeast
A46: 6929 | B46: Oppose | C46: hydropower | D46: natural_gas_pipeline | E46: government | F46: MI | G46: Midwest
A47: 6988 | B47: Support | C47: wildlife_ecosystem | D47: hydropower | E47: organization | F47: VA | G47: Southeast
A48: 7256 | B48: Support | C48: wildlife_ecosystem | D48: hydropower | E48: organization | F48: VA | G48: Southeast
A49: 7264 | B49: Oppose | C49: history | D49: natural_gas_pipeline | E49: resident | F49: KY | G49: Southeast
A50: 7289 | B50: Oppose | C50: wildlife_ecosystem | D50: hydropower | E50: government | F50: VA | G50: Southeast
A51: 7316 | B51: Oppose | C51: public_process | D51: natural_gas_pipeline | E51: resident | F51: NY | G51: Northeast
A52: 6955 | B52: Oppose | C52: public_process | D52: natural_gas_pipeline | E52: organization | F52: NY | G52: Northeast
A53: 4746 | B53: Support | C53: economics_jobs | D53: natural_gas_pipeline | E53: organization | F53: KY | G53: Southeast
A54: 1485 | B54: Oppose | C54: wildlife_ecosystem | D54: natural_gas_pipeline | E54: organization | G54: Midwest
A55: 9768 | B55: Oppose | C55: wildlife_ecosystem | D55: hydropower | E55: resident | F55: WY | G55: West
A56: 8159
A57: 10182
A58: 5296
A59: 777
A60: 10168
A61: 3522

Sheet Hand Code Off
A1: pdf_id | B1: Jess - Support Label | C1: HC - Support Label | D1: Support Match? | E1: Jess - Feedback Theme | F1: HC - Feedback Theme | G1: Theme Match? | H1: Jess - Project Type | I1: HC - Project Type | J1: Type Match? | K1: Jess - Commenter Type | L1: HC - Commenter Type | M1: Commenter Match? | N1: Jess - State | O1: HC - State | P1: State Match? | Q1: Jess - Region | R1: HC - Region | S1: Region Match? | T1: # Mismatches | U1: NEEDS REVIEW?
A2: =Jess!A2 -> 5178 | B2: =Jess!B2 -> Oppose | C2: =IFERROR(_xlfn.XLOOKUP(A2,'Hand Coded'!A:A,'Hand Coded'!B:B),"NOT FOUND") -> Oppose | D2: =IF(OR(C2="NOT FOUND",B2=""),"N/A",IF(LOWER(B2)=LOWER(C2),"✓","✗")) -> ✓ | E2: =Jess!C2 -> water_impacts | F2: =IFERROR(_xlfn.XLOOKUP(A2,'Hand Coded'!A:A,'Hand Coded'!C:C),"NOT FOUND") -> water_impacts | G2: =IF(OR(F2="NOT FOUND",E2=""),"N/A",IF(LOWER(E2)=LOWER(F2),"✓","✗")) -> ✓ | H2: =Jess!D2 -> natural_gas_pipeline | I2: =IFERROR(_xlfn.XLOOKUP(A2,'Hand Coded'!A:A,'Hand Coded'!D:D),"NOT FOUND") -> natural_gas_pipeline | J2: =IF(OR(I2="NOT FOUND",H2=""),"N/A",IF(LOWER(H2)=LOWER(I2),"✓","✗")) -> ✓ | K2: =Jess!E2 -> government | L2: =IFERROR(_xlfn.XLOOKUP(A2,'Hand Coded'!A:A,'Hand Coded'!E:E),"NOT FOUND") -> government | M2: =IF(OR(L2="NOT FOUND",K2=""),"N/A",IF(LOWER(K2)=LOWER(L2),"✓","✗")) -> ✓ | N2: =Jess!F2 -> NY | O2: =IFERROR(_xlfn.XLOOKUP(A2,'Hand Coded'!A:A,'Hand Coded'!F:F),"NOT FOUND") -> NY | P2: =IF(OR(O2="NOT FOUND",N2=""),"N/A",IF(LOWER(N2)=LOWER(O2),"✓","✗")) -> ✓ | Q2: =Jess!G2 -> Northeast | R2: =IFERROR(_xlfn.XLOOKUP(A2,'Hand Coded'!A:A,'Hand Coded'!G:G),"NOT FOUND") -> Northeast | S2: =IF(OR(R2="NOT FOUND",Q2=""),"N/A",IF(LOWER(Q2)=LOWER(R2),"✓","✗")) -> ✓ | T2: =COUNTIF(D2,"✗")+COUNTIF(G2,"✗")+COUNTIF(J2,"✗")+COUNTIF(M2,"✗")+COUNTIF(P2,"✗")+COUNTIF(S2,"✗") -> 0 | U2: =IF(T2>0,"⚠ REVIEW",IF(COUNTIF(D2:S2,"N/A")=6,"NOT IN HC","OK")) -> OK
A3: =Jess!A3 -> 5185 | B3: =Jess!B3 -> Oppose | C3: =IFERROR(_xlfn.XLOOKUP(A3,'Hand Coded'!A:A,'Hand Coded'!B:B),"NOT FOUND") -> Oppose | D3: =IF(OR(C3="NOT FOUND",B3=""),"N/A",IF(LOWER(B3)=LOWER(C3),"✓","✗")) -> ✓ | E3: =Jess!C3 -> public_process | F3: =IFERROR(_xlfn.XLOOKUP(A3,'Hand Coded'!A:A,'Hand Coded'!C:C),"NOT FOUND") -> public_process | G3: =IF(OR(F3="NOT FOUND",E3=""),"N/A",IF(LOWER(E3)=LOWER(F3),"✓","✗")) -> ✓ | H3: =Jess!D3 -> natural_gas_pipeline | I3: =IFERROR(_xlfn.XLOOKUP(A3,'Hand Coded'!A:A,'Hand Coded'!D:D),"NOT FOUND") -> natural_gas_pipeline | J3: =IF(OR(I3="NOT FOUND",H3=""),"N/A",IF(LOWER(H3)=LOWER(I3),"✓","✗")) -> ✓ | K3: =Jess!E3 -> resident | L3: =IFERROR(_xlfn.XLOOKUP(A3,'Hand Coded'!A:A,'Hand Coded'!E:E),"NOT FOUND") -> resident | M3: =IF(OR(L3="NOT FOUND",K3=""),"N/A",IF(LOWER(K3)=LOWER(L3),"✓","✗")) -> ✓ | N3: =Jess!F3 -> NY | O3: =IFERROR(_xlfn.XLOOKUP(A3,'Hand Coded'!A:A,'Hand Coded'!F:F),"NOT FOUND") -> NY | P3: =IF(OR(O3="NOT FOUND",N3=""),"N/A",IF(LOWER(N3)=LOWER(O3),"✓","✗")) -> ✓ | Q3: =Jess!G3 -> Northeast | R3: =IFERROR(_xlfn.XLOOKUP(A3,'Hand Coded'!A:A,'Hand Coded'!G:G),"NOT FOUND") -> Northeast | S3: =IF(OR(R3="NOT FOUND",Q3=""),"N/A",IF(LOWER(Q3)=LOWER(R3),"✓","✗")) -> ✓ | T3: =COUNTIF(D3,"✗")+COUNTIF(G3,"✗")+COUNTIF(J3,"✗")+COUNTIF(M3,"✗")+COUNTIF(P3,"✗")+COUNTIF(S3,"✗") -> 0 | U3: =IF(T3>0,"⚠ REVIEW",IF(COUNTIF(D3:S3,"N/A")=6,"NOT IN HC","OK")) -> OK
A4: =Jess!A4 -> 5264 | B4: =Jess!B4 -> Neutral | C4: =IFERROR(_xlfn.XLOOKUP(A4,'Hand Coded'!A:A,'Hand Coded'!B:B),"NOT FOUND") -> Support with Changes | D4: =IF(OR(C4="NOT FOUND",B4=""),"N/A",IF(LOWER(B4)=LOWER(C4),"✓","✗")) -> ✗ | E4: =Jess!C4 -> water_impacts | F4: =IFERROR(_xlfn.XLOOKUP(A4,'Hand Coded'!A:A,'Hand Coded'!C:C),"NOT FOUND") -> water_impacts | G4: =IF(OR(F4="NOT FOUND",E4=""),"N/A",IF(LOWER(E4)=LOWER(F4),"✓","✗")) -> ✓ | H4: =Jess!D4 -> hydropower | I4: =IFERROR(_xlfn.XLOOKUP(A4,'Hand Coded'!A:A,'Hand Coded'!D:D),"NOT FOUND") -> hydropower | J4: =IF(OR(I4="NOT FOUND",H4=""),"N/A",IF(LOWER(H4)=LOWER(I4),"✓","✗")) -> ✓ | K4: =Jess!E4 -> government | L4: =IFERROR(_xlfn.XLOOKUP(A4,'Hand Coded'!A:A,'Hand Coded'!E:E),"NOT FOUND") -> government | M4: =IF(OR(L4="NOT FOUND",K4=""),"N/A",IF(LOWER(K4)=LOWER(L4),"✓","✗")) -> ✓ | N4: =Jess!F4 -> PA | O4: =IFERROR(_xlfn.XLOOKUP(A4,'Hand Coded'!A:A,'Hand Coded'!F:F),"NOT FOUND") -> PA | P4: =IF(OR(O4="NOT FOUND",N4=""),"N/A",IF(LOWER(N4)=LOWER(O4),"✓","✗")) -> ✓ | Q4: =Jess!G4 -> Northeast | R4: =IFERROR(_xlfn.XLOOKUP(A4,'Hand Coded'!A:A,'Hand Coded'!G:G),"NOT FOUND") -> Northeast | S4: =IF(OR(R4="NOT FOUND",Q4=""),"N/A",IF(LOWER(Q4)=LOWER(R4),"✓","✗")) -> ✓ | T4: =COUNTIF(D4,"✗")+COUNTIF(G4,"✗")+COUNTIF(J4,"✗")+COUNTIF(M4,"✗")+COUNTIF(P4,"✗")+COUNTIF(S4,"✗") -> 1 | U4: =IF(T4>0,"⚠ REVIEW",IF(COUNTIF(D4:S4,"N/A")=6,"NOT IN HC","OK")) -> ⚠ REVIEW
A5: =Jess!A5 -> 5265 | B5: =Jess!B5 -> Neutral | C5: =IFERROR(_xlfn.XLOOKUP(A5,'Hand Coded'!A:A,'Hand Coded'!B:B),"NOT FOUND") -> Support with Changes | D5: =IF(OR(C5="NOT FOUND",B5=""),"N/A",IF(LOWER(B5)=LOWER(C5),"✓","✗")) -> ✗ | E5: =Jess!C5 -> wildlife_ecosystem | F5: =IFERROR(_xlfn.XLOOKUP(A5,'Hand Coded'!A:A,'Hand Coded'!C:C),"NOT FOUND") -> wildlife_ecosystem | G5: =IF(OR(F5="NOT FOUND",E5=""),"N/A",IF(LOWER(E5)=LOWER(F5),"✓","✗")) -> ✓ | H5: =Jess!D5 -> hydropower | I5: =IFERROR(_xlfn.XLOOKUP(A5,'Hand Coded'!A:A,'Hand Coded'!D:D),"NOT FOUND") -> hydropower | J5: =IF(OR(I5="NOT FOUND",H5=""),"N/A",IF(LOWER(H5)=LOWER(I5),"✓","✗")) -> ✓ | K5: =Jess!E5 -> government | L5: =IFERROR(_xlfn.XLOOKUP(A5,'Hand Coded'!A:A,'Hand Coded'!E:E),"NOT FOUND") -> government | M5: =IF(OR(L5="NOT FOUND",K5=""),"N/A",IF(LOWER(K5)=LOWER(L5),"✓","✗")) -> ✓ | N5: =Jess!F5 -> PA | O5: =IFERROR(_xlfn.XLOOKUP(A5,'Hand Coded'!A:A,'Hand Coded'!F:F),"NOT FOUND") -> PA | P5: =IF(OR(O5="NOT FOUND",N5=""),"N/A",IF(LOWER(N5)=LOWER(O5),"✓","✗")) -> ✓ | Q5: =Jess!G5 -> Northeast | R5: =IFERROR(_xlfn.XLOOKUP(A5,'Hand Coded'!A:A,'Hand Coded'!G:G),"NOT FOUND") -> Northeast | S5: =IF(OR(R5="NOT FOUND",Q5=""),"N/A",IF(LOWER(Q5)=LOWER(R5),"✓","✗")) -> ✓ | T5: =COUNTIF(D5,"✗")+COUNTIF(G5,"✗")+COUNTIF(J5,"✗")+COUNTIF(M5,"✗")+COUNTIF(P5,"✗")+COUNTIF(S5,"✗") -> 1 | U5: =IF(T5>0,"⚠ REVIEW",IF(COUNTIF(D5:S5,"N/A")=6,"NOT IN HC","OK")) -> ⚠ REVIEW
A6: =Jess!A6 -> 5300 | B6: =Jess!B6 -> Oppose | C6: =IFERROR(_xlfn.XLOOKUP(A6,'Hand Coded'!A:A,'Hand Coded'!B:B),"NOT FOUND") -> Oppose | D6: =IF(OR(C6="NOT FOUND",B6=""),"N/A",IF(LOWER(B6)=LOWER(C6),"✓","✗")) -> ✓ | E6: =Jess!C6 -> wildlife_ecosystem | F6: =IFERROR(_xlfn.XLOOKUP(A6,'Hand Coded'!A:A,'Hand Coded'!C:C),"NOT FOUND") -> wildlife_ecosystem | G6: =IF(OR(F6="NOT FOUND",E6=""),"N/A",IF(LOWER(E6)=LOWER(F6),"✓","✗")) -> ✓ | H6: =Jess!D6 -> natural_gas_pipeline | I6: =IFERROR(_xlfn.XLOOKUP(A6,'Hand Coded'!A:A,'Hand Coded'!D:D),"NOT FOUND") -> natural_gas_pipeline | J6: =IF(OR(I6="NOT FOUND",H6=""),"N/A",IF(LOWER(H6)=LOWER(I6),"✓","✗")) -> ✓ | K6: =Jess!E6 -> resident | L6: =IFERROR(_xlfn.XLOOKUP(A6,'Hand Coded'!A:A,'Hand Coded'!E:E),"NOT FOUND") -> resident | M6: =IF(OR(L6="NOT FOUND",K6=""),"N/A",IF(LOWER(K6)=LOWER(L6),"✓","✗")) -> ✓ | N6: =Jess!F6 -> NY | O6: =IFERROR(_xlfn.XLOOKUP(A6,'Hand Coded'!A:A,'Hand Coded'!F:F),"NOT FOUND") -> NY | P6: =IF(OR(O6="NOT FOUND",N6=""),"N/A",IF(LOWER(N6)=LOWER(O6),"✓","✗")) -> ✓ | Q6: =Jess!G6 -> Northeast | R6: =IFERROR(_xlfn.XLOOKUP(A6,'Hand Coded'!A:A,'Hand Coded'!G:G),"NOT FOUND") -> Northeast | S6: =IF(OR(R6="NOT FOUND",Q6=""),"N/A",IF(LOWER(Q6)=LOWER(R6),"✓","✗")) -> ✓ | T6: =COUNTIF(D6,"✗")+COUNTIF(G6,"✗")+COUNTIF(J6,"✗")+COUNTIF(M6,"✗")+COUNTIF(P6,"✗")+COUNTIF(S6,"✗") -> 0 | U6: =IF(T6>0,"⚠ REVIEW",IF(COUNTIF(D6:S6,"N/A")=6,"NOT IN HC","OK")) -> OK
A7: =Jess!A7 -> 5312 | B7: =Jess!B7 -> Oppose | C7: =IFERROR(_xlfn.XLOOKUP(A7,'Hand Coded'!A:A,'Hand Coded'!B:B),"NOT FOUND") -> Oppose | D7: =IF(OR(C7="NOT FOUND",B7=""),"N/A",IF(LOWER(B7)=LOWER(C7),"✓","✗")) -> ✓ | E7: =Jess!C7 -> wildlife_ecosystem | F7: =IFERROR(_xlfn.XLOOKUP(A7,'Hand Coded'!A:A,'Hand Coded'!C:C),"NOT FOUND") -> wildlife_ecosystem | G7: =IF(OR(F7="NOT FOUND",E7=""),"N/A",IF(LOWER(E7)=LOWER(F7),"✓","✗")) -> ✓ | H7: =Jess!D7 -> natural_gas_pipeline | I7: =IFERROR(_xlfn.XLOOKUP(A7,'Hand Coded'!A:A,'Hand Coded'!D:D),"NOT FOUND") -> natural_gas_pipeline | J7: =IF(OR(I7="NOT FOUND",H7=""),"N/A",IF(LOWER(H7)=LOWER(I7),"✓","✗")) -> ✓ | K7: =Jess!E7 -> resident | L7: =IFERROR(_xlfn.XLOOKUP(A7,'Hand Coded'!A:A,'Hand Coded'!E:E),"NOT FOUND") -> resident | M7: =IF(OR(L7="NOT FOUND",K7=""),"N/A",IF(LOWER(K7)=LOWER(L7),"✓","✗")) -> ✓ | N7: =Jess!F7 -> NY | O7: =IFERROR(_xlfn.XLOOKUP(A7,'Hand Coded'!A:A,'Hand Coded'!F:F),"NOT FOUND") -> NY | P7: =IF(OR(O7="NOT FOUND",N7=""),"N/A",IF(LOWER(N7)=LOWER(O7),"✓","✗")) -> ✓ | Q7: =Jess!G7 -> Northeast | R7: =IFERROR(_xlfn.XLOOKUP(A7,'Hand Coded'!A:A,'Hand Coded'!G:G),"NOT FOUND") -> Northeast | S7: =IF(OR(R7="NOT FOUND",Q7=""),"N/A",IF(LOWER(Q7)=LOWER(R7),"✓","✗")) -> ✓ | T7: =COUNTIF(D7,"✗")+COUNTIF(G7,"✗")+COUNTIF(J7,"✗")+COUNTIF(M7,"✗")+COUNTIF(P7,"✗")+COUNTIF(S7,"✗") -> 0 | U7: =IF(T7>0,"⚠ REVIEW",IF(COUNTIF(D7:S7,"N/A")=6,"NOT IN HC","OK")) -> OK
A8: =Jess!A8 -> 5331 | B8: =Jess!B8 -> Oppose | C8: =IFERROR(_xlfn.XLOOKUP(A8,'Hand Coded'!A:A,'Hand Coded'!B:B),"NOT FOUND") -> Oppose | D8: =IF(OR(C8="NOT FOUND",B8=""),"N/A",IF(LOWER(B8)=LOWER(C8),"✓","✗")) -> ✓ | E8: =Jess!C8 -> property_rights | F8: =IFERROR(_xlfn.XLOOKUP(A8,'Hand Coded'!A:A,'Hand Coded'!C:C),"NOT FOUND") -> property_rights | G8: =IF(OR(F8="NOT FOUND",E8=""),"N/A",IF(LOWER(E8)=LOWER(F8),"✓","✗")) -> ✓ | H8: =Jess!D8 -> natural_gas_pipeline | I8: =IFERROR(_xlfn.XLOOKUP(A8,'Hand Coded'!A:A,'Hand Coded'!D:D),"NOT FOUND") -> natural_gas_pipeline | J8: =IF(OR(I8="NOT FOUND",H8=""),"N/A",IF(LOWER(H8)=LOWER(I8),"✓","✗")) -> ✓ | K8: =Jess!E8 -> resident | L8: =IFERROR(_xlfn.XLOOKUP(A8,'Hand Coded'!A:A,'Hand Coded'!E:E),"NOT FOUND") -> resident | M8: =IF(OR(L8="NOT FOUND",K8=""),"N/A",IF(LOWER(K8)=LOWER(L8),"✓","✗")) -> ✓ | N8: =Jess!F8 -> NY | O8: =IFERROR(_xlfn.XLOOKUP(A8,'Hand Coded'!A:A,'Hand Coded'!F:F),"NOT FOUND") -> NY | P8: =IF(OR(O8="NOT FOUND",N8=""),"N/A",IF(LOWER(N8)=LOWER(O8),"✓","✗")) -> ✓ | Q8: =Jess!G8 -> Northeast | R8: =IFERROR(_xlfn.XLOOKUP(A8,'Hand Coded'!A:A,'Hand Coded'!G:G),"NOT FOUND") -> Northeast | S8: =IF(OR(R8="NOT FOUND",Q8=""),"N/A",IF(LOWER(Q8)=LOWER(R8),"✓","✗")) -> ✓ | T8: =COUNTIF(D8,"✗")+COUNTIF(G8,"✗")+COUNTIF(J8,"✗")+COUNTIF(M8,"✗")+COUNTIF(P8,"✗")+COUNTIF(S8,"✗") -> 0 | U8: =IF(T8>0,"⚠ REVIEW",IF(COUNTIF(D8:S8,"N/A")=6,"NOT IN HC","OK")) -> OK
A9: =Jess!A9 -> 5338 | B9: =Jess!B9 -> Support | C9: =IFERROR(_xlfn.XLOOKUP(A9,'Hand Coded'!A:A,'Hand Coded'!B:B),"NOT FOUND") -> Support | D9: =IF(OR(C9="NOT FOUND",B9=""),"N/A",IF(LOWER(B9)=LOWER(C9),"✓","✗")) -> ✓ | E9: =Jess!C9 -> grid_reliability | F9: =IFERROR(_xlfn.XLOOKUP(A9,'Hand Coded'!A:A,'Hand Coded'!C:C),"NOT FOUND") -> grid_reliability | G9: =IF(OR(F9="NOT FOUND",E9=""),"N/A",IF(LOWER(E9)=LOWER(F9),"✓","✗")) -> ✓ | H9: =Jess!D9 -> electric_transmission | I9: =IFERROR(_xlfn.XLOOKUP(A9,'Hand Coded'!A:A,'Hand Coded'!D:D),"NOT FOUND") -> grid_reliability | J9: =IF(OR(I9="NOT FOUND",H9=""),"N/A",IF(LOWER(H9)=LOWER(I9),"✓","✗")) -> ✗ | K9: =Jess!E9 -> organization | L9: =IFERROR(_xlfn.XLOOKUP(A9,'Hand Coded'!A:A,'Hand Coded'!E:E),"NOT FOUND") -> organization | M9: =IF(OR(L9="NOT FOUND",K9=""),"N/A",IF(LOWER(K9)=LOWER(L9),"✓","✗")) -> ✓ | N9: =Jess!F9 -> NC | O9: =IFERROR(_xlfn.XLOOKUP(A9,'Hand Coded'!A:A,'Hand Coded'!F:F),"NOT FOUND") -> NC | P9: =IF(OR(O9="NOT FOUND",N9=""),"N/A",IF(LOWER(N9)=LOWER(O9),"✓","✗")) -> ✓ | Q9: =Jess!G9 -> Southeast | R9: =IFERROR(_xlfn.XLOOKUP(A9,'Hand Coded'!A:A,'Hand Coded'!G:G),"NOT FOUND") -> Southeast | S9: =IF(OR(R9="NOT FOUND",Q9=""),"N/A",IF(LOWER(Q9)=LOWER(R9),"✓","✗")) -> ✓ | T9: =COUNTIF(D9,"✗")+COUNTIF(G9,"✗")+COUNTIF(J9,"✗")+COUNTIF(M9,"✗")+COUNTIF(P9,"✗")+COUNTIF(S9,"✗") -> 1 | U9: =IF(T9>0,"⚠ REVIEW",IF(COUNTIF(D9:S9,"N/A")=6,"NOT IN HC","OK")) -> ⚠ REVIEW
A10: =Jess!A10 -> 5344 | B10: =Jess!B10 -> Oppose | C10: =IFERROR(_xlfn.XLOOKUP(A10,'Hand Coded'!A:A,'Hand Coded'!B:B),"NOT FOUND") -> Oppose | D10: =IF(OR(C10="NOT FOUND",B10=""),"N/A",IF(LOWER(B10)=LOWER(C10),"✓","✗")) -> ✓ | E10: =Jess!C10 -> public_process | F10: =IFERROR(_xlfn.XLOOKUP(A10,'Hand Coded'!A:A,'Hand Coded'!C:C),"NOT FOUND") -> public_process | G10: =IF(OR(F10="NOT FOUND",E10=""),"N/A",IF(LOWER(E10)=LOWER(F10),"✓","✗")) -> ✓ | H10: =Jess!D10 -> natural_gas_pipeline | I10: =IFERROR(_xlfn.XLOOKUP(A10,'Hand Coded'!A:A,'Hand Coded'!D:D),"NOT FOUND") -> natural_gas_pipeline | J10: =IF(OR(I10="NOT FOUND",H10=""),"N/A",IF(LOWER(H10)=LOWER(I10),"✓","✗")) -> ✓ | K10: =Jess!E10 -> resident | L10: =IFERROR(_xlfn.XLOOKUP(A10,'Hand Coded'!A:A,'Hand Coded'!E:E),"NOT FOUND") -> resident | M10: =IF(OR(L10="NOT FOUND",K10=""),"N/A",IF(LOWER(K10)=LOWER(L10),"✓","✗")) -> ✓ | N10: =Jess!F10 -> NY | O10: =IFERROR(_xlfn.XLOOKUP(A10,'Hand Coded'!A:A,'Hand Coded'!F:F),"NOT FOUND") -> NY | P10: =IF(OR(O10="NOT FOUND",N10=""),"N/A",IF(LOWER(N10)=LOWER(O10),"✓","✗")) -> ✓ | Q10: =Jess!G10 -> Northeast | R10: =IFERROR(_xlfn.XLOOKUP(A10,'Hand Coded'!A:A,'Hand Coded'!G:G),"NOT FOUND") -> Northeast | S10: =IF(OR(R10="NOT FOUND",Q10=""),"N/A",IF(LOWER(Q10)=LOWER(R10),"✓","✗")) -> ✓ | T10: =COUNTIF(D10,"✗")+COUNTIF(G10,"✗")+COUNTIF(J10,"✗")+COUNTIF(M10,"✗")+COUNTIF(P10,"✗")+COUNTIF(S10,"✗") -> 0 | U10: =IF(T10>0,"⚠ REVIEW",IF(COUNTIF(D10:S10,"N/A")=6,"NOT IN HC","OK")) -> OK
A11: =Jess!A11 -> 5371 | B11: =Jess!B11 -> Oppose | C11: =IFERROR(_xlfn.XLOOKUP(A11,'Hand Coded'!A:A,'Hand Coded'!B:B),"NOT FOUND") -> Oppose | D11: =IF(OR(C11="NOT FOUND",B11=""),"N/A",IF(LOWER(B11)=LOWER(C11),"✓","✗")) -> ✓ | E11: =Jess!C11 -> public_process | F11: =IFERROR(_xlfn.XLOOKUP(A11,'Hand Coded'!A:A,'Hand Coded'!C:C),"NOT FOUND") -> public_process | G11: =IF(OR(F11="NOT FOUND",E11=""),"N/A",IF(LOWER(E11)=LOWER(F11),"✓","✗")) -> ✓ | H11: =Jess!D11 -> natural_gas_pipeline | I11: =IFERROR(_xlfn.XLOOKUP(A11,'Hand Coded'!A:A,'Hand Coded'!D:D),"NOT FOUND") -> natural_gas_pipeline | J11: =IF(OR(I11="NOT FOUND",H11=""),"N/A",IF(LOWER(H11)=LOWER(I11),"✓","✗")) -> ✓ | K11: =Jess!E11 -> resident | L11: =IFERROR(_xlfn.XLOOKUP(A11,'Hand Coded'!A:A,'Hand Coded'!E:E),"NOT FOUND") -> resident | M11: =IF(OR(L11="NOT FOUND",K11=""),"N/A",IF(LOWER(K11)=LOWER(L11),"✓","✗")) -> ✓ | N11: =Jess!F11 -> NY | O11: =IFERROR(_xlfn.XLOOKUP(A11,'Hand Coded'!A:A,'Hand Coded'!F:F),"NOT FOUND") -> NY | P11: =IF(OR(O11="NOT FOUND",N11=""),"N/A",IF(LOWER(N11)=LOWER(O11),"✓","✗")) -> ✓ | Q11: =Jess!G11 -> Northeast | R11: =IFERROR(_xlfn.XLOOKUP(A11,'Hand Coded'!A:A,'Hand Coded'!G:G),"NOT FOUND") -> Northeast | S11: =IF(OR(R11="NOT FOUND",Q11=""),"N/A",IF(LOWER(Q11)=LOWER(R11),"✓","✗")) -> ✓ | T11: =COUNTIF(D11,"✗")+COUNTIF(G11,"✗")+COUNTIF(J11,"✗")+COUNTIF(M11,"✗")+COUNTIF(P11,"✗")+COUNTIF(S11,"✗") -> 0 | U11: =IF(T11>0,"⚠ REVIEW",IF(COUNTIF(D11:S11,"N/A")=6,"NOT IN HC","OK")) -> OK
A12: =Jess!A12 -> 5518 | B12: =Jess!B12 -> Oppose | C12: =IFERROR(_xlfn.XLOOKUP(A12,'Hand Coded'!A:A,'Hand Coded'!B:B),"NOT FOUND") -> Oppose | D12: =IF(OR(C12="NOT FOUND",B12=""),"N/A",IF(LOWER(B12)=LOWER(C12),"✓","✗")) -> ✓ | E12: =Jess!C12 -> water_impacts | F12: =IFERROR(_xlfn.XLOOKUP(A12,'Hand Coded'!A:A,'Hand Coded'!C:C),"NOT FOUND") -> water_impacts | G12: =IF(OR(F12="NOT FOUND",E12=""),"N/A",IF(LOWER(E12)=LOWER(F12),"✓","✗")) -> ✓ | H12: =Jess!D12 -> natural_gas_pipeline | I12: =IFERROR(_xlfn.XLOOKUP(A12,'Hand Coded'!A:A,'Hand Coded'!D:D),"NOT FOUND") -> natural_gas_pipeline | J12: =IF(OR(I12="NOT FOUND",H12=""),"N/A",IF(LOWER(H12)=LOWER(I12),"✓","✗")) -> ✓ | K12: =Jess!E12 -> resident | L12: =IFERROR(_xlfn.XLOOKUP(A12,'Hand Coded'!A:A,'Hand Coded'!E:E),"NOT FOUND") -> resident | M12: =IF(OR(L12="NOT FOUND",K12=""),"N/A",IF(LOWER(K12)=LOWER(L12),"✓","✗")) -> ✓ | N12: =Jess!F12 -> NY | O12: =IFERROR(_xlfn.XLOOKUP(A12,'Hand Coded'!A:A,'Hand Coded'!F:F),"NOT FOUND") -> NY | P12: =IF(OR(O12="NOT FOUND",N12=""),"N/A",IF(LOWER(N12)=LOWER(O12),"✓","✗")) -> ✓ | Q12: =Jess!G12 -> Northeast | R12: =IFERROR(_xlfn.XLOOKUP(A12,'Hand Coded'!A:A,'Hand Coded'!G:G),"NOT FOUND") -> Northeast | S12: =IF(OR(R12="NOT FOUND",Q12=""),"N/A",IF(LOWER(Q12)=LOWER(R12),"✓","✗")) -> ✓ | T12: =COUNTIF(D12,"✗")+COUNTIF(G12,"✗")+COUNTIF(J12,"✗")+COUNTIF(M12,"✗")+COUNTIF(P12,"✗")+COUNTIF(S12,"✗") -> 0 | U12: =IF(T12>0,"⚠ REVIEW",IF(COUNTIF(D12:S12,"N/A")=6,"NOT IN HC","OK")) -> OK
A13: =Jess!A13 -> 5661 | B13: =Jess!B13 -> Oppose | C13: =IFERROR(_xlfn.XLOOKUP(A13,'Hand Coded'!A:A,'Hand Coded'!B:B),"NOT FOUND") -> Oppose | D13: =IF(OR(C13="NOT FOUND",B13=""),"N/A",IF(LOWER(B13)=LOWER(C13),"✓","✗")) -> ✓ | E13: =Jess!C13 -> electric_transmission | F13: =IFERROR(_xlfn.XLOOKUP(A13,'Hand Coded'!A:A,'Hand Coded'!C:C),"NOT FOUND") -> grid_reliability | G13: =IF(OR(F13="NOT FOUND",E13=""),"N/A",IF(LOWER(E13)=LOWER(F13),"✓","✗")) -> ✗ | H13: =Jess!D13 -> other | I13: =IFERROR(_xlfn.XLOOKUP(A13,'Hand Coded'!A:A,'Hand Coded'!D:D),"NOT FOUND") -> other | J13: =IF(OR(I13="NOT FOUND",H13=""),"N/A",IF(LOWER(H13)=LOWER(I13),"✓","✗")) -> ✓ | K13: =Jess!E13 -> business | L13: =IFERROR(_xlfn.XLOOKUP(A13,'Hand Coded'!A:A,'Hand Coded'!E:E),"NOT FOUND") -> business | M13: =IF(OR(L13="NOT FOUND",K13=""),"N/A",IF(LOWER(K13)=LOWER(L13),"✓","✗")) -> ✓ | N13: =Jess!F13 -> CA | O13: =IFERROR(_xlfn.XLOOKUP(A13,'Hand Coded'!A:A,'Hand Coded'!F:F),"NOT FOUND") -> CA | P13: =IF(OR(O13="NOT FOUND",N13=""),"N/A",IF(LOWER(N13)=LOWER(O13),"✓","✗")) -> ✓ | Q13: =Jess!G13 -> Southwest | R13: =IFERROR(_xlfn.XLOOKUP(A13,'Hand Coded'!A:A,'Hand Coded'!G:G),"NOT FOUND") -> Southwest | S13: =IF(OR(R13="NOT FOUND",Q13=""),"N/A",IF(LOWER(Q13)=LOWER(R13),"✓","✗")) -> ✓ | T13: =COUNTIF(D13,"✗")+COUNTIF(G13,"✗")+COUNTIF(J13,"✗")+COUNTIF(M13,"✗")+COUNTIF(P13,"✗")+COUNTIF(S13,"✗") -> 1 | U13: =IF(T13>0,"⚠ REVIEW",IF(COUNTIF(D13:S13,"N/A")=6,"NOT IN HC","OK")) -> ⚠ REVIEW
... A61: =Jess!A61 -> 3522 | B61: =Jess!B61 -> 0 | C61: =IFERROR(_xlfn.XLOOKUP(A61,'Hand Coded'!A:A,'Hand Coded'!B:B),"NOT FOUND") -> NOT FOUND | D61: =IF(OR(C61="NOT FOUND",B61=""),"N/A",IF(LOWER(B61)=LOWER(C61),"✓","✗")) -> N/A | E61: =Jess!C61 -> 0 | F61: =IFERROR(_xlfn.XLOOKUP(A61,'Hand Coded'!A:A,'Hand Coded'!C:C),"NOT FOUND") -> NOT FOUND | G61: =IF(OR(F61="NOT FOUND",E61=""),"N/A",IF(LOWER(E61)=LOWER(F61),"✓","✗")) -> N/A | H61: =Jess!D61 -> 0 | I61: =IFERROR(_xlfn.XLOOKUP(A61,'Hand Coded'!A:A,'Hand Coded'!D:D),"NOT FOUND") -> NOT FOUND | J61: =IF(OR(I61="NOT FOUND",H61=""),"N/A",IF(LOWER(H61)=LOWER(I61),"✓","✗")) -> N/A | K61: =Jess!E61 -> 0 | L61: =IFERROR(_xlfn.XLOOKUP(A61,'Hand Coded'!A:A,'Hand Coded'!E:E),"NOT FOUND") -> NOT FOUND | M61: =IF(OR(L61="NOT FOUND",K61=""),"N/A",IF(LOWER(K61)=LOWER(L61),"✓","✗")) -> N/A | N61: =Jess!F61 -> 0 | O61: =IFERROR(_xlfn.XLOOKUP(A61,'Hand Coded'!A:A,'Hand Coded'!F:F),"NOT FOUND") -> NOT FOUND | P61: =IF(OR(O61="NOT FOUND",N61=""),"N/A",IF(LOWER(N61)=LOWER(O61),"✓","✗")) -> N/A | Q61: =Jess!G61 -> 0 | R61: =IFERROR(_xlfn.XLOOKUP(A61,'Hand Coded'!A:A,'Hand Coded'!G:G),"NOT FOUND") -> NOT FOUND | S61: =IF(OR(R61="NOT FOUND",Q61=""),"N/A",IF(LOWER(Q61)=LOWER(R61),"✓","✗")) -> N/A | T61: =COUNTIF(D61,"✗")+COUNTIF(G61,"✗")+COUNTIF(J61,"✗")+COUNTIF(M61,"✗")+COUNTIF(P61,"✗")+COUNTIF(S61,"✗") -> 0 | U61: =IF(T61>0,"⚠ REVIEW",IF(COUNTIF(D61:S61,"N/A")=6,"NOT IN HC","OK")) -> NOT IN HC

Sheet Sentiment Analysis
A1: gemini-3.1-flash-lite-preview
A2: Manually Identified Stance | B2: Number Correct | C2: Total Manually Identified Entries | D2: Recall (%)
A3: Support | B3: {=SUMPRODUCT(('Hand Coded'!B$2:B$10000=A3)*(LOWER('Hand Coded'!B$2:B$10000)=LOWER(IFERROR(INDEX('gemini-3.1-flash-lite-preview'!F:F,MATCH('Hand Coded'!A$2:A$10000,'gemini-3.1-flash-lite-preview'!A:A,0)),""))))} -> 36 | C3: =COUNTIF('Hand Coded'!B:B,A3) -> 47 | D3: =IF(C3=0,"",B3/C3) -> 0.76595745
A4: Support with Changes | B4: {=SUMPRODUCT(('Hand Coded'!B$2:B$10000=A4)*(LOWER('Hand Coded'!B$2:B$10000)=LOWER(IFERROR(INDEX('gemini-3.1-flash-lite-preview'!F:F,MATCH('Hand Coded'!A$2:A$10000,'gemini-3.1-flash-lite-preview'!A:A,0)),""))))} -> 36 | C4: =COUNTIF('Hand Coded'!B:B,A4) -> 39 | D4: =IF(C4=0,"",B4/C4) -> 0.92307692
A5: Oppose | B5: {=SUMPRODUCT(('Hand Coded'!B$2:B$10000=A5)*(LOWER('Hand Coded'!B$2:B$10000)=LOWER(IFERROR(INDEX('gemini-3.1-flash-lite-preview'!F:F,MATCH('Hand Coded'!A$2:A$10000,'gemini-3.1-flash-lite-preview'!A:A,0)),""))))} -> 90 | C5: =COUNTIF('Hand Coded'!B:B,A5) -> 101 | D5: =IF(C5=0,"",B5/C5) -> 0.89108911
A6: Neutral | B6: {=SUMPRODUCT(('Hand Coded'!B$2:B$10000=A6)*(LOWER('Hand Coded'!B$2:B$10000)=LOWER(IFERROR(INDEX('gemini-3.1-flash-lite-preview'!F:F,MATCH('Hand Coded'!A$2:A$10000,'gemini-3.1-flash-lite-preview'!A:A,0)),""))))} -> 34 | C6: =COUNTIF('Hand Coded'!B:B,A6) -> 47 | D6: =IF(C6=0,"",B6/C6) -> 0.72340426
A7: Total | B7: =SUM(B3:B6) -> 196 | C7: =SUM(C3:C6) -> 234 | D7: =IF(C7=0,"",B7/C7) -> 0.83760684
A9: gpt-5.4-mini
A10: Manually Identified Stance | B10: Number Correct | C10: Total Manually Identified Entries | D10: Recall (%)
A11: Support | B11: {=SUMPRODUCT(('Hand Coded'!B$2:B$10000=A11)*(LOWER('Hand Coded'!B$2:B$10000)=LOWER(IFERROR(INDEX('gpt-5.4-mini'!F:F,MATCH('Hand Coded'!A$2:A$10000,'gpt-5.4-mini'!A:A,0)),""))))} -> 33 | C11: =COUNTIF('Hand Coded'!B:B,A11) -> 47 | D11: =IF(C11=0,"",B11/C11) -> 0.70212766
A12: Support with Changes | B12: {=SUMPRODUCT(('Hand Coded'!B$2:B$10000=A12)*(LOWER('Hand Coded'!B$2:B$10000)=LOWER(IFERROR(INDEX('gpt-5.4-mini'!F:F,MATCH('Hand Coded'!A$2:A$10000,'gpt-5.4-mini'!A:A,0)),""))))} -> 33 | C12: =COUNTIF('Hand Coded'!B:B,A12) -> 39 | D12: =IF(C12=0,"",B12/C12) -> 0.84615385
A13: Oppose | B13: {=SUMPRODUCT(('Hand Coded'!B$2:B$10000=A13)*(LOWER('Hand Coded'!B$2:B$10000)=LOWER(IFERROR(INDEX('gpt-5.4-mini'!F:F,MATCH('Hand Coded'!A$2:A$10000,'gpt-5.4-mini'!A:A,0)),""))))} -> 88 | C13: =COUNTIF('Hand Coded'!B:B,A13) -> 101 | D13: =IF(C13=0,"",B13/C13) -> 0.87128713
A14: Neutral | B14: {=SUMPRODUCT(('Hand Coded'!B$2:B$10000=A14)*(LOWER('Hand Coded'!B$2:B$10000)=LOWER(IFERROR(INDEX('gpt-5.4-mini'!F:F,MATCH('Hand Coded'!A$2:A$10000,'gpt-5.4-mini'!A:A,0)),""))))} -> 36 | C14: =COUNTIF('Hand Coded'!B:B,A14) -> 47 | D14: =IF(C14=0,"",B14/C14) -> 0.76595745
A15: Total | B15: =SUM(B11:B14) -> 190 | C15: =SUM(C11:C14) -> 234 | D15: =IF(C15=0,"",B15/C15) -> 0.81196581
A17: claude-sonnet-4-6
A18: Manually Identified Stance | B18: Number Correct | C18: Total Manually Identified Entries | D18: Recall (%)
A19: Support | B19: {=SUMPRODUCT(('Hand Coded'!B$2:B$10000=A19)*(LOWER('Hand Coded'!B$2:B$10000)=LOWER(IFERROR(INDEX('claude-sonnet-4-6'!F:F,MATCH('Hand Coded'!A$2:A$10000,'claude-sonnet-4-6'!A:A,0)),""))))} -> 39 | C19: =COUNTIF('Hand Coded'!B:B,A19) -> 47 | D19: =IF(C19=0,"",B19/C19) -> 0.82978723
A20: Support with Changes | B20: {=SUMPRODUCT(('Hand Coded'!B$2:B$10000=A20)*(LOWER('Hand Coded'!B$2:B$10000)=LOWER(IFERROR(INDEX('claude-sonnet-4-6'!F:F,MATCH('Hand Coded'!A$2:A$10000,'claude-sonnet-4-6'!A:A,0)),""))))} -> 36 | C20: =COUNTIF('Hand Coded'!B:B,A20) -> 39 | D20: =IF(C20=0,"",B20/C20) -> 0.92307692
A21: Oppose | B21: {=SUMPRODUCT(('Hand Coded'!B$2:B$10000=A21)*(LOWER('Hand Coded'!B$2:B$10000)=LOWER(IFERROR(INDEX('claude-sonnet-4-6'!F:F,MATCH('Hand Coded'!A$2:A$10000,'claude-sonnet-4-6'!A:A,0)),""))))} -> 93 | C21: =COUNTIF('Hand Coded'!B:B,A21) -> 101 | D21: =IF(C21=0,"",B21/C21) -> 0.92079208
A22: Neutral | B22: {=SUMPRODUCT(('Hand Coded'!B$2:B$10000=A22)*(LOWER('Hand Coded'!B$2:B$10000)=LOWER(IFERROR(INDEX('claude-sonnet-4-6'!F:F,MATCH('Hand Coded'!A$2:A$10000,'claude-sonnet-4-6'!A:A,0)),""))))} -> 29 | C22: =COUNTIF('Hand Coded'!B:B,A22) -> 47 | D22: =IF(C22=0,"",B22/C22) -> 0.61702128
A23: Total | B23: =SUM(B19:B22) -> 197 | C23: =SUM(C19:C22) -> 234 | D23: =IF(C23=0,"",B23/C23) -> 0.84188034

Sheet Disagreement Analysis
A1: pdf_id | B1: Hand Code | C1: Gemini | D1: GPT | E1: Claude | F1: 3 Models Agree? | G1: Hand = Consensus? | H1: All 3 Agree & Hand Differs | I1: Model Consensus Label | J1: Disagree Type | P1: SUMMARY STATISTICS | V1: FIELD SELECTOR:
A2: ='Hand Coded'!A2 -> 138 | B2: {=LOWER(TRIM(INDEX('Hand Coded'!A:G,ROW(),$W$11)))} -> support with changes | C2: {=IFERROR(LOWER(TRIM(INDEX('gemini-3.1-flash-lite-preview'!A:K,MATCH(A2,'gemini-3.1-flash-lite-preview'!A:A,0),$W$12))),"NOT FOUND")} -> support with changes | D2: {=IFERROR(LOWER(TRIM(INDEX('gpt-5.4-mini'!A:K,MATCH(A2,'gpt-5.4-mini'!A:A,0),$W$12))),"NOT FOUND")} -> support with changes | E2: {=IFERROR(LOWER(TRIM(INDEX('claude-sonnet-4-6'!A:K,MATCH(A2,'claude-sonnet-4-6'!A:A,0),$W$12))),"NOT FOUND")} -> support with changes | F2: =AND(C2=D2,D2=E2) -> TRUE | G2: =IF(F2,B2=C2,"N/A") -> TRUE | H2: =AND(F2,B2<>C2) -> FALSE | I2: =IF(F2,C2,"No consensus") -> support with changes | J2: =IF(H2,B2&" → "&I2,"") | P2: Total PDFs Analyzed | Q2: =COUNTA(A:A)-1 -> 234 | V2: Sentiment (llm_support_label) | W2: Hand Col # | X2: Model Col #
A3: ='Hand Coded'!A3 -> 241 | B3: {=LOWER(TRIM(INDEX('Hand Coded'!A:G,ROW(),$W$11)))} -> support with changes | C3: {=IFERROR(LOWER(TRIM(INDEX('gemini-3.1-flash-lite-preview'!A:K,MATCH(A3,'gemini-3.1-flash-lite-preview'!A:A,0),$W$12))),"NOT FOUND")} -> support with changes | D3: {=IFERROR(LOWER(TRIM(INDEX('gpt-5.4-mini'!A:K,MATCH(A3,'gpt-5.4-mini'!A:A,0),$W$12))),"NOT FOUND")} -> support with changes | E3: {=IFERROR(LOWER(TRIM(INDEX('claude-sonnet-4-6'!A:K,MATCH(A3,'claude-sonnet-4-6'!A:A,0),$W$12))),"NOT FOUND")} -> support with changes | F3: =AND(C3=D3,D3=E3) -> TRUE | G3: =IF(F3,B3=C3,"N/A") -> TRUE | H3: =AND(F3,B3<>C3) -> FALSE | I3: =IF(F3,C3,"No consensus") -> support with changes | J3: =IF(H3,B3&" → "&I3,"") | P3: Cases All 3 Models Agree | Q3: =COUNTIF(F:F,TRUE) -> 183 | R3: =Q3/Q2 -> 0.78205128 | V3: Sentiment (llm_support_label) | W3: 2 | X3: 6
A4: ='Hand Coded'!A4 -> 259 | B4: {=LOWER(TRIM(INDEX('Hand Coded'!A:G,ROW(),$W$11)))} -> neutral | C4: {=IFERROR(LOWER(TRIM(INDEX('gemini-3.1-flash-lite-preview'!A:K,MATCH(A4,'gemini-3.1-flash-lite-preview'!A:A,0),$W$12))),"NOT FOUND")} -> support | D4: {=IFERROR(LOWER(TRIM(INDEX('gpt-5.4-mini'!A:K,MATCH(A4,'gpt-5.4-mini'!A:A,0),$W$12))),"NOT FOUND")} -> support with changes | E4: {=IFERROR(LOWER(TRIM(INDEX('claude-sonnet-4-6'!A:K,MATCH(A4,'claude-sonnet-4-6'!A:A,0),$W$12))),"NOT FOUND")} -> support | F4: =AND(C4=D4,D4=E4) -> FALSE | G4: =IF(F4,B4=C4,"N/A") -> N/A | H4: =AND(F4,B4<>C4) -> FALSE | I4: =IF(F4,C4,"No consensus") -> No consensus | J4: =IF(H4,B4&" → "&I4,"") | P4: Hand Agrees with Consensus | Q4: =COUNTIF(G:G,TRUE) -> 172 | R4: =Q4/Q3 -> 0.93989071 | V4: Feedback Theme | W4: 3 | X4: 11
A5: ='Hand Coded'!A5 -> 264 | B5: {=LOWER(TRIM(INDEX('Hand Coded'!A:G,ROW(),$W$11)))} -> oppose | C5: {=IFERROR(LOWER(TRIM(INDEX('gemini-3.1-flash-lite-preview'!A:K,MATCH(A5,'gemini-3.1-flash-lite-preview'!A:A,0),$W$12))),"NOT FOUND")} -> support with changes | D5: {=IFERROR(LOWER(TRIM(INDEX('gpt-5.4-mini'!A:K,MATCH(A5,'gpt-5.4-mini'!A:A,0),$W$12))),"NOT FOUND")} -> oppose | E5: {=IFERROR(LOWER(TRIM(INDEX('claude-sonnet-4-6'!A:K,MATCH(A5,'claude-sonnet-4-6'!A:A,0),$W$12))),"NOT FOUND")} -> oppose | F5: =AND(C5=D5,D5=E5) -> FALSE | G5: =IF(F5,B5=C5,"N/A") -> N/A | H5: =AND(F5,B5<>C5) -> FALSE | I5: =IF(F5,C5,"No consensus") -> No consensus | J5: =IF(H5,B5&" → "&I5,"") | P5: All 3 Agree BUT Hand Disagrees | Q5: =COUNTIF(H:H,TRUE) -> 11 | R5: =Q5/Q2 -> 0.047008547 | V5: Project Type | W5: 4 | X5: 7
A6: ='Hand Coded'!A6 -> 273 | B6: {=LOWER(TRIM(INDEX('Hand Coded'!A:G,ROW(),$W$11)))} -> neutral | C6: {=IFERROR(LOWER(TRIM(INDEX('gemini-3.1-flash-lite-preview'!A:K,MATCH(A6,'gemini-3.1-flash-lite-preview'!A:A,0),$W$12))),"NOT FOUND")} -> neutral | D6: {=IFERROR(LOWER(TRIM(INDEX('gpt-5.4-mini'!A:K,MATCH(A6,'gpt-5.4-mini'!A:A,0),$W$12))),"NOT FOUND")} -> neutral | E6: {=IFERROR(LOWER(TRIM(INDEX('claude-sonnet-4-6'!A:K,MATCH(A6,'claude-sonnet-4-6'!A:A,0),$W$12))),"NOT FOUND")} -> support with changes | F6: =AND(C6=D6,D6=E6) -> FALSE | G6: =IF(F6,B6=C6,"N/A") -> N/A | H6: =AND(F6,B6<>C6) -> FALSE | I6: =IF(F6,C6,"No consensus") -> No consensus | J6: =IF(H6,B6&" → "&I6,"") | V6: Commenter Type | W6: 5 | X6: 8
A7: ='Hand Coded'!A7 -> 383 | B7: {=LOWER(TRIM(INDEX('Hand Coded'!A:G,ROW(),$W$11)))} -> support with changes | C7: {=IFERROR(LOWER(TRIM(INDEX('gemini-3.1-flash-lite-preview'!A:K,MATCH(A7,'gemini-3.1-flash-lite-preview'!A:A,0),$W$12))),"NOT FOUND")} -> support with changes | D7: {=IFERROR(LOWER(TRIM(INDEX('gpt-5.4-mini'!A:K,MATCH(A7,'gpt-5.4-mini'!A:A,0),$W$12))),"NOT FOUND")} -> support with changes | E7: {=IFERROR(LOWER(TRIM(INDEX('claude-sonnet-4-6'!A:K,MATCH(A7,'claude-sonnet-4-6'!A:A,0),$W$12))),"NOT FOUND")} -> support with changes | F7: =AND(C7=D7,D7=E7) -> TRUE | G7: =IF(F7,B7=C7,"N/A") -> TRUE | H7: =AND(F7,B7<>C7) -> FALSE | I7: =IF(F7,C7,"No consensus") -> support with changes | J7: =IF(H7,B7&" → "&I7,"") | P7: DISAGREEMENT DETAIL: Hand → Model Consensus | V7: Project State | W7: 6 | X7: 9
A8: ='Hand Coded'!A8 -> 416 | B8: {=LOWER(TRIM(INDEX('Hand Coded'!A:G,ROW(),$W$11)))} -> support with changes | C8: {=IFERROR(LOWER(TRIM(INDEX('gemini-3.1-flash-lite-preview'!A:K,MATCH(A8,'gemini-3.1-flash-lite-preview'!A:A,0),$W$12))),"NOT FOUND")} -> support with changes | D8: {=IFERROR(LOWER(TRIM(INDEX('gpt-5.4-mini'!A:K,MATCH(A8,'gpt-5.4-mini'!A:A,0),$W$12))),"NOT FOUND")} -> support with changes | E8: {=IFERROR(LOWER(TRIM(INDEX('claude-sonnet-4-6'!A:K,MATCH(A8,'claude-sonnet-4-6'!A:A,0),$W$12))),"NOT FOUND")} -> support with changes | F8: =AND(C8=D8,D8=E8) -> TRUE | G8: =IF(F8,B8=C8,"N/A") -> TRUE | H8: =AND(F8,B8<>C8) -> FALSE | I8: =IF(F8,C8,"No consensus") -> support with changes | J8: =IF(H8,B8&" → "&I8,"") | P8: Hand Value → Model Consensus | Q8: Count | R8: % of Disagreements | V8: Project Region | W8: 7 | X8: 10
A9: ='Hand Coded'!A9 -> 474 | B9: {=LOWER(TRIM(INDEX('Hand Coded'!A:G,ROW(),$W$11)))} -> neutral | C9: {=IFERROR(LOWER(TRIM(INDEX('gemini-3.1-flash-lite-preview'!A:K,MATCH(A9,'gemini-3.1-flash-lite-preview'!A:A,0),$W$12))),"NOT FOUND")} -> neutral | D9: {=IFERROR(LOWER(TRIM(INDEX('gpt-5.4-mini'!A:K,MATCH(A9,'gpt-5.4-mini'!A:A,0),$W$12))),"NOT FOUND")} -> neutral | E9: {=IFERROR(LOWER(TRIM(INDEX('claude-sonnet-4-6'!A:K,MATCH(A9,'claude-sonnet-4-6'!A:A,0),$W$12))),"NOT FOUND")} -> support | F9: =AND(C9=D9,D9=E9) -> FALSE | G9: =IF(F9,B9=C9,"N/A") -> N/A | H9: =AND(F9,B9<>C9) -> FALSE | I9: =IF(F9,C9,"No consensus") -> No consensus | J9: =IF(H9,B9&" → "&I9,"") | P9: {=IFERROR(INDEX(_xlfn._xlws.SORT(_xlfn.UNIQUE(_xlfn._xlws.FILTER($J$2:$J$5000,$J$2:$J$5000<>"")),1,1),ROW()-8),"")} -> neutral → oppose | Q9: =IF(P9="","",COUNTIF($J$2:$J$5000,P9)) -> 3 | R9: =IF(P9="","",Q9/$Q$5) -> 0.27272727
A10: ='Hand Coded'!A10 -> 516 | B10: {=LOWER(TRIM(INDEX('Hand Coded'!A:G,ROW(),$W$11)))} -> support with changes | C10: {=IFERROR(LOWER(TRIM(INDEX('gemini-3.1-flash-lite-preview'!A:K,MATCH(A10,'gemini-3.1-flash-lite-preview'!A:A,0),$W$12))),"NOT FOUND")} -> support with changes | D10: {=IFERROR(LOWER(TRIM(INDEX('gpt-5.4-mini'!A:K,MATCH(A10,'gpt-5.4-mini'!A:A,0),$W$12))),"NOT FOUND")} -> support with changes | E10: {=IFERROR(LOWER(TRIM(INDEX('claude-sonnet-4-6'!A:K,MATCH(A10,'claude-sonnet-4-6'!A:A,0),$W$12))),"NOT FOUND")} -> support with changes | F10: =AND(C10=D10,D10=E10) -> TRUE | G10: =IF(F10,B10=C10,"N/A") -> TRUE | H10: =AND(F10,B10<>C10) -> FALSE | I10: =IF(F10,C10,"No consensus") -> support with changes | J10: =IF(H10,B10&" → "&I10,"") | P10: {=IFERROR(INDEX(_xlfn._xlws.SORT(_xlfn.UNIQUE(_xlfn._xlws.FILTER($J$2:$J$5000,$J$2:$J$5000<>"")),1,1),ROW()-8),"")} -> neutral → support with changes | Q10: =IF(P10="","",COUNTIF($J$2:$J$5000,P10)) -> 1 | R10: =IF(P10="","",Q10/$Q$5) -> 0.090909091 | V10: Resolved (auto)
A11: ='Hand Coded'!A11 -> 729 | B11: {=LOWER(TRIM(INDEX('Hand Coded'!A:G,ROW(),$W$11)))} -> neutral | C11: {=IFERROR(LOWER(TRIM(INDEX('gemini-3.1-flash-lite-preview'!A:K,MATCH(A11,'gemini-3.1-flash-lite-preview'!A:A,0),$W$12))),"NOT FOUND")} -> neutral | D11: {=IFERROR(LOWER(TRIM(INDEX('gpt-5.4-mini'!A:K,MATCH(A11,'gpt-5.4-mini'!A:A,0),$W$12))),"NOT FOUND")} -> neutral | E11: {=IFERROR(LOWER(TRIM(INDEX('claude-sonnet-4-6'!A:K,MATCH(A11,'claude-sonnet-4-6'!A:A,0),$W$12))),"NOT FOUND")} -> neutral | F11: =AND(C11=D11,D11=E11) -> TRUE | G11: =IF(F11,B11=C11,"N/A") -> TRUE | H11: =AND(F11,B11<>C11) -> FALSE | I11: =IF(F11,C11,"No consensus") -> neutral | J11: =IF(H11,B11&" → "&I11,"") | P11: {=IFERROR(INDEX(_xlfn._xlws.SORT(_xlfn.UNIQUE(_xlfn._xlws.FILTER($J$2:$J$5000,$J$2:$J$5000<>"")),1,1),ROW()-8),"")} -> oppose → neutral | Q11: =IF(P11="","",COUNTIF($J$2:$J$5000,P11)) -> 1 | R11: =IF(P11="","",Q11/$Q$5) -> 0.090909091 | V11: Hand Col # | W11: =_xlfn.XLOOKUP($V$2,$V$3:$V$8,W3:W8) -> 2
A12: ='Hand Coded'!A12 -> 761 | B12: {=LOWER(TRIM(INDEX('Hand Coded'!A:G,ROW(),$W$11)))} -> support | C12: {=IFERROR(LOWER(TRIM(INDEX('gemini-3.1-flash-lite-preview'!A:K,MATCH(A12,'gemini-3.1-flash-lite-preview'!A:A,0),$W$12))),"NOT FOUND")} -> support | D12: {=IFERROR(LOWER(TRIM(INDEX('gpt-5.4-mini'!A:K,MATCH(A12,'gpt-5.4-mini'!A:A,0),$W$12))),"NOT FOUND")} -> support | E12: {=IFERROR(LOWER(TRIM(INDEX('claude-sonnet-4-6'!A:K,MATCH(A12,'claude-sonnet-4-6'!A:A,0),$W$12))),"NOT FOUND")} -> support | F12: =AND(C12=D12,D12=E12) -> TRUE | G12: =IF(F12,B12=C12,"N/A") -> TRUE | H12: =AND(F12,B12<>C12) -> FALSE | I12: =IF(F12,C12,"No consensus") -> support | J12: =IF(H12,B12&" → "&I12,"") | P12: {=IFERROR(INDEX(_xlfn._xlws.SORT(_xlfn.UNIQUE(_xlfn._xlws.FILTER($J$2:$J$5000,$J$2:$J$5000<>"")),1,1),ROW()-8),"")} -> oppose → support with changes | Q12: =IF(P12="","",COUNTIF($J$2:$J$5000,P12)) -> 2 | R12: =IF(P12="","",Q12/$Q$5) -> 0.18181818 | V12: Model Col # | W12: =_xlfn.XLOOKUP($V$2,$V$3:$V$8,X3:X8) -> 6
A13: ='Hand Coded'!A13 -> 779 | B13: {=LOWER(TRIM(INDEX('Hand Coded'!A:G,ROW(),$W$11)))} -> oppose | C13: {=IFERROR(LOWER(TRIM(INDEX('gemini-3.1-flash-lite-preview'!A:K,MATCH(A13,'gemini-3.1-flash-lite-preview'!A:A,0),$W$12))),"NOT FOUND")} -> oppose | D13: {=IFERROR(LOWER(TRIM(INDEX('gpt-5.4-mini'!A:K,MATCH(A13,'gpt-5.4-mini'!A:A,0),$W$12))),"NOT FOUND")} -> oppose | E13: {=IFERROR(LOWER(TRIM(INDEX('claude-sonnet-4-6'!A:K,MATCH(A13,'claude-sonnet-4-6'!A:A,0),$W$12))),"NOT FOUND")} -> oppose | F13: =AND(C13=D13,D13=E13) -> TRUE | G13: =IF(F13,B13=C13,"N/A") -> TRUE | H13: =AND(F13,B13<>C13) -> FALSE | I13: =IF(F13,C13,"No consensus") -> oppose | J13: =IF(H13,B13&" → "&I13,"") | P13: {=IFERROR(INDEX(_xlfn._xlws.SORT(_xlfn.UNIQUE(_xlfn._xlws.FILTER($J$2:$J$5000,$J$2:$J$5000<>"")),1,1),ROW()-8),"")} -> support → neutral | Q13: =IF(P13="","",COUNTIF($J$2:$J$5000,P13)) -> 1 | R13: =IF(P13="","",Q13/$Q$5) -> 0.090909091
A14: ='Hand Coded'!A14 -> 837 | B14: {=LOWER(TRIM(INDEX('Hand Coded'!A:G,ROW(),$W$11)))} -> neutral | C14: {=IFERROR(LOWER(TRIM(INDEX('gemini-3.1-flash-lite-preview'!A:K,MATCH(A14,'gemini-3.1-flash-lite-preview'!A:A,0),$W$12))),"NOT FOUND")} -> support with changes | D14: {=IFERROR(LOWER(TRIM(INDEX('gpt-5.4-mini'!A:K,MATCH(A14,'gpt-5.4-mini'!A:A,0),$W$12))),"NOT FOUND")} -> neutral | E14: {=IFERROR(LOWER(TRIM(INDEX('claude-sonnet-4-6'!A:K,MATCH(A14,'claude-sonnet-4-6'!A:A,0),$W$12))),"NOT FOUND")} -> neutral | F14: =AND(C14=D14,D14=E14) -> FALSE | G14: =IF(F14,B14=C14,"N/A") -> N/A | H14: =AND(F14,B14<>C14) -> FALSE | I14: =IF(F14,C14,"No consensus") -> No consensus | J14: =IF(H14,B14&" → "&I14,"") | P14: {=IFERROR(INDEX(_xlfn._xlws.SORT(_xlfn.UNIQUE(_xlfn._xlws.FILTER($J$2:$J$5000,$J$2:$J$5000<>"")),1,1),ROW()-8),"")} -> support → oppose | Q14: =IF(P14="","",COUNTIF($J$2:$J$5000,P14)) -> 1 | R14: =IF(P14="","",Q14/$Q$5) -> 0.090909091
A15: ='Hand Coded'!A15 -> 877 | B15: {=LOWER(TRIM(INDEX('Hand Coded'!A:G,ROW(),$W$11)))} -> neutral | C15: {=IFERROR(LOWER(TRIM(INDEX('gemini-3.1-flash-lite-preview'!A:K,MATCH(A15,'gemini-3.1-flash-lite-preview'!A:A,0),$W$12))),"NOT FOUND")} -> neutral | D15: {=IFERROR(LOWER(TRIM(INDEX('gpt-5.4-mini'!A:K,MATCH(A15,'gpt-5.4-mini'!A:A,0),$W$12))),"NOT FOUND")} -> neutral | E15: {=IFERROR(LOWER(TRIM(INDEX('claude-sonnet-4-6'!A:K,MATCH(A15,'claude-sonnet-4-6'!A:A,0),$W$12))),"NOT FOUND")} -> neutral | F15: =AND(C15=D15,D15=E15) -> TRUE | G15: =IF(F15,B15=C15,"N/A") -> TRUE | H15: =AND(F15,B15<>C15) -> FALSE | I15: =IF(F15,C15,"No consensus") -> neutral | J15: =IF(H15,B15&" → "&I15,"") | P15: {=IFERROR(INDEX(_xlfn._xlws.SORT(_xlfn.UNIQUE(_xlfn._xlws.FILTER($J$2:$J$5000,$J$2:$J$5000<>"")),1,1),ROW()-8),"")} -> support → support with changes | Q15: =IF(P15="","",COUNTIF($J$2:$J$5000,P15)) -> 2 | R15: =IF(P15="","",Q15/$Q$5) -> 0.18181818
A16: ='Hand Coded'!A16 -> 896 | B16: {=LOWER(TRIM(INDEX('Hand Coded'!A:G,ROW(),$W$11)))} -> neutral | C16: {=IFERROR(LOWER(TRIM(INDEX('gemini-3.1-flash-lite-preview'!A:K,MATCH(A16,'gemini-3.1-flash-lite-preview'!A:A,0),$W$12))),"NOT FOUND")} -> oppose | D16: {=IFERROR(LOWER(TRIM(INDEX('gpt-5.4-mini'!A:K,MATCH(A16,'gpt-5.4-mini'!A:A,0),$W$12))),"NOT FOUND")} -> neutral | E16: {=IFERROR(LOWER(TRIM(INDEX('claude-sonnet-4-6'!A:K,MATCH(A16,'claude-sonnet-4-6'!A:A,0),$W$12))),"NOT FOUND")} -> support | F16: =AND(C16=D16,D16=E16) -> FALSE | G16: =IF(F16,B16=C16,"N/A") -> N/A | H16: =AND(F16,B16<>C16) -> FALSE | I16: =IF(F16,C16,"No consensus") -> No consensus | J16: =IF(H16,B16&" → "&I16,"") | P16: {=IFERROR(INDEX(_xlfn._xlws.SORT(_xlfn.UNIQUE(_xlfn._xlws.FILTER($J$2:$J$5000,$J$2:$J$5000<>"")),1,1),ROW()-8),"")} | Q16: =IF(P16="","",COUNTIF($J$2:$J$5000,P16)) | R16: =IF(P16="","",Q16/$Q$5)
A17: ='Hand Coded'!A17 -> 923 | B17: {=LOWER(TRIM(INDEX('Hand Coded'!A:G,ROW(),$W$11)))} -> oppose | C17: {=IFERROR(LOWER(TRIM(INDEX('gemini-3.1-flash-lite-preview'!A:K,MATCH(A17,'gemini-3.1-flash-lite-preview'!A:A,0),$W$12))),"NOT FOUND")} -> oppose | D17: {=IFERROR(LOWER(TRIM(INDEX('gpt-5.4-mini'!A:K,MATCH(A17,'gpt-5.4-mini'!A:A,0),$W$12))),"NOT FOUND")} -> oppose | E17: {=IFERROR(LOWER(TRIM(INDEX('claude-sonnet-4-6'!A:K,MATCH(A17,'claude-sonnet-4-6'!A:A,0),$W$12))),"NOT FOUND")} -> oppose | F17: =AND(C17=D17,D17=E17) -> TRUE | G17: =IF(F17,B17=C17,"N/A") -> TRUE | H17: =AND(F17,B17<>C17) -> FALSE | I17: =IF(F17,C17,"No consensus") -> oppose | J17: =IF(H17,B17&" → "&I17,"") | P17: {=IFERROR(INDEX(_xlfn._xlws.SORT(_xlfn.UNIQUE(_xlfn._xlws.FILTER($J$2:$J$5000,$J$2:$J$5000<>"")),1,1),ROW()-8),"")} | Q17: =IF(P17="","",COUNTIF($J$2:$J$5000,P17)) | R17: =IF(P17="","",Q17/$Q$5)
A18: ='Hand Coded'!A18 -> 940 | B18: {=LOWER(TRIM(INDEX('Hand Coded'!A:G,ROW(),$W$11)))} -> oppose | C18: {=IFERROR(LOWER(TRIM(INDEX('gemini-3.1-flash-lite-preview'!A:K,MATCH(A18,'gemini-3.1-flash-lite-preview'!A:A,0),$W$12))),"NOT FOUND")} -> oppose | D18: {=IFERROR(LOWER(TRIM(INDEX('gpt-5.4-mini'!A:K,MATCH(A18,'gpt-5.4-mini'!A:A,0),$W$12))),"NOT FOUND")} -> oppose | E18: {=IFERROR(LOWER(TRIM(INDEX('claude-sonnet-4-6'!A:K,MATCH(A18,'claude-sonnet-4-6'!A:A,0),$W$12))),"NOT FOUND")} -> oppose | F18: =AND(C18=D18,D18=E18) -> TRUE | G18: =IF(F18,B18=C18,"N/A") -> TRUE | H18: =AND(F18,B18<>C18) -> FALSE | I18: =IF(F18,C18,"No consensus") -> oppose | J18: =IF(H18,B18&" → "&I18,"") | P18: {=IFERROR(INDEX(_xlfn._xlws.SORT(_xlfn.UNIQUE(_xlfn._xlws.FILTER($J$2:$J$5000,$J$2:$J$5000<>"")),1,1),ROW()-8),"")} | Q18: =IF(P18="","",COUNTIF($J$2:$J$5000,P18)) | R18: =IF(P18="","",Q18/$Q$5)
A19: ='Hand Coded'!A19 -> 951 | B19: {=LOWER(TRIM(INDEX('Hand Coded'!A:G,ROW(),$W$11)))} -> oppose | C19: {=IFERROR(LOWER(TRIM(INDEX('gemini-3.1-flash-lite-preview'!A:K,MATCH(A19,'gemini-3.1-flash-lite-preview'!A:A,0),$W$12))),"NOT FOUND")} -> oppose | D19: {=IFERROR(LOWER(TRIM(INDEX('gpt-5.4-mini'!A:K,MATCH(A19,'gpt-5.4-mini'!A:A,0),$W$12))),"NOT FOUND")} -> oppose | E19: {=IFERROR(LOWER(TRIM(INDEX('claude-sonnet-4-6'!A:K,MATCH(A19,'claude-sonnet-4-6'!A:A,0),$W$12))),"NOT FOUND")} -> oppose | F19: =AND(C19=D19,D19=E19) -> TRUE | G19: =IF(F19,B19=C19,"N/A") -> TRUE | H19: =AND(F19,B19<>C19) -> FALSE | I19: =IF(F19,C19,"No consensus") -> oppose | J19: =IF(H19,B19&" → "&I19,"")
A20: ='Hand Coded'!A20 -> 987 | B20: {=LOWER(TRIM(INDEX('Hand Coded'!A:G,ROW(),$W$11)))} -> support with changes | C20: {=IFERROR(LOWER(TRIM(INDEX('gemini-3.1-flash-lite-preview'!A:K,MATCH(A20,'gemini-3.1-flash-lite-preview'!A:A,0),$W$12))),"NOT FOUND")} -> support with changes | D20: {=IFERROR(LOWER(TRIM(INDEX('gpt-5.4-mini'!A:K,MATCH(A20,'gpt-5.4-mini'!A:A,0),$W$12))),"NOT FOUND")} -> support with changes | E20: {=IFERROR(LOWER(TRIM(INDEX('claude-sonnet-4-6'!A:K,MATCH(A20,'claude-sonnet-4-6'!A:A,0),$W$12))),"NOT FOUND")} -> support with changes | F20: =AND(C20=D20,D20=E20) -> TRUE | G20: =IF(F20,B20=C20,"N/A") -> TRUE | H20: =AND(F20,B20<>C20) -> FALSE | I20: =IF(F20,C20,"No consensus") -> support with changes | J20: =IF(H20,B20&" → "&I20,"")
A21: ='Hand Coded'!A21 -> 1010 | B21: {=LOWER(TRIM(INDEX('Hand Coded'!A:G,ROW(),$W$11)))} -> neutral | C21: {=IFERROR(LOWER(TRIM(INDEX('gemini-3.1-flash-lite-preview'!A:K,MATCH(A21,'gemini-3.1-flash-lite-preview'!A:A,0),$W$12))),"NOT FOUND")} -> neutral | D21: {=IFERROR(LOWER(TRIM(INDEX('gpt-5.4-mini'!A:K,MATCH(A21,'gpt-5.4-mini'!A:A,0),$W$12))),"NOT FOUND")} -> neutral | E21: {=IFERROR(LOWER(TRIM(INDEX('claude-sonnet-4-6'!A:K,MATCH(A21,'claude-sonnet-4-6'!A:A,0),$W$12))),"NOT FOUND")} -> neutral | F21: =AND(C21=D21,D21=E21) -> TRUE | G21: =IF(F21,B21=C21,"N/A") -> TRUE | H21: =AND(F21,B21<>C21) -> FALSE | I21: =IF(F21,C21,"No consensus") -> neutral | J21: =IF(H21,B21&" → "&I21,"")
A22: ='Hand Coded'!A22 -> 1058 | B22: {=LOWER(TRIM(INDEX('Hand Coded'!A:G,ROW(),$W$11)))} -> oppose | C22: {=IFERROR(LOWER(TRIM(INDEX('gemini-3.1-flash-lite-preview'!A:K,MATCH(A22,'gemini-3.1-flash-lite-preview'!A:A,0),$W$12))),"NOT FOUND")} -> oppose | D22: {=IFERROR(LOWER(TRIM(INDEX('gpt-5.4-mini'!A:K,MATCH(A22,'gpt-5.4-mini'!A:A,0),$W$12))),"NOT FOUND")} -> oppose | E22: {=IFERROR(LOWER(TRIM(INDEX('claude-sonnet-4-6'!A:K,MATCH(A22,'claude-sonnet-4-6'!A:A,0),$W$12))),"NOT FOUND")} -> oppose | F22: =AND(C22=D22,D22=E22) -> TRUE | G22: =IF(F22,B22=C22,"N/A") -> TRUE | H22: =AND(F22,B22<>C22) -> FALSE | I22: =IF(F22,C22,"No consensus") -> oppose | J22: =IF(H22,B22&" → "&I22,"")
A23: ='Hand Coded'!A23 -> 1170 | B23: {=LOWER(TRIM(INDEX('Hand Coded'!A:G,ROW(),$W$11)))} -> neutral | C23: {=IFERROR(LOWER(TRIM(INDEX('gemini-3.1-flash-lite-preview'!A:K,MATCH(A23,'gemini-3.1-flash-lite-preview'!A:A,0),$W$12))),"NOT FOUND")} -> neutral | D23: {=IFERROR(LOWER(TRIM(INDEX('gpt-5.4-mini'!A:K,MATCH(A23,'gpt-5.4-mini'!A:A,0),$W$12))),"NOT FOUND")} -> neutral | E23: {=IFERROR(LOWER(TRIM(INDEX('claude-sonnet-4-6'!A:K,MATCH(A23,'claude-sonnet-4-6'!A:A,0),$W$12))),"NOT FOUND")} -> neutral | F23: =AND(C23=D23,D23=E23) -> TRUE | G23: =IF(F23,B23=C23,"N/A") -> TRUE | H23: =AND(F23,B23<>C23) -> FALSE | I23: =IF(F23,C23,"No consensus") -> neutral | J23: =IF(H23,B23&" → "&I23,"")
A24: ='Hand Coded'!A24 -> 1186 | B24: {=LOWER(TRIM(INDEX('Hand Coded'!A:G,ROW(),$W$11)))} -> oppose | C24: {=IFERROR(LOWER(TRIM(INDEX('gemini-3.1-flash-lite-preview'!A:K,MATCH(A24,'gemini-3.1-flash-lite-preview'!A:A,0),$W$12))),"NOT FOUND")} -> oppose | D24: {=IFERROR(LOWER(TRIM(INDEX('gpt-5.4-mini'!A:K,MATCH(A24,'gpt-5.4-mini'!A:A,0),$W$12))),"NOT FOUND")} -> oppose | E24: {=IFERROR(LOWER(TRIM(INDEX('claude-sonnet-4-6'!A:K,MATCH(A24,'claude-sonnet-4-6'!A:A,0),$W$12))),"NOT FOUND")} -> oppose | F24: =AND(C24=D24,D24=E24) -> TRUE | G24: =IF(F24,B24=C24,"N/A") -> TRUE | H24: =AND(F24,B24<>C24) -> FALSE | I24: =IF(F24,C24,"No consensus") -> oppose | J24: =IF(H24,B24&" → "&I24,"")
A25: ='Hand Coded'!A25 -> 1289 | B25: {=LOWER(TRIM(INDEX('Hand Coded'!A:G,ROW(),$W$11)))} -> oppose | C25: {=IFERROR(LOWER(TRIM(INDEX('gemini-3.1-flash-lite-preview'!A:K,MATCH(A25,'gemini-3.1-flash-lite-preview'!A:A,0),$W$12))),"NOT FOUND")} -> neutral | D25: {=IFERROR(LOWER(TRIM(INDEX('gpt-5.4-mini'!A:K,MATCH(A25,'gpt-5.4-mini'!A:A,0),$W$12))),"NOT FOUND")} -> support | E25: {=IFERROR(LOWER(TRIM(INDEX('claude-sonnet-4-6'!A:K,MATCH(A25,'claude-sonnet-4-6'!A:A,0),$W$12))),"NOT FOUND")} -> support with changes | F25: =AND(C25=D25,D25=E25) -> FALSE | G25: =IF(F25,B25=C25,"N/A") -> N/A | H25: =AND(F25,B25<>C25) -> FALSE | I25: =IF(F25,C25,"No consensus") -> No consensus | J25: =IF(H25,B25&" → "&I25,"")
A26: ='Hand Coded'!A26 -> 1713 | B26: {=LOWER(TRIM(INDEX('Hand Coded'!A:G,ROW(),$W$11)))} -> oppose | C26: {=IFERROR(LOWER(TRIM(INDEX('gemini-3.1-flash-lite-preview'!A:K,MATCH(A26,'gemini-3.1-flash-lite-preview'!A:A,0),$W$12))),"NOT FOUND")} -> support with changes | D26: {=IFERROR(LOWER(TRIM(INDEX('gpt-5.4-mini'!A:K,MATCH(A26,'gpt-5.4-mini'!A:A,0),$W$12))),"NOT FOUND")} -> oppose | E26: {=IFERROR(LOWER(TRIM(INDEX('claude-sonnet-4-6'!A:K,MATCH(A26,'claude-sonnet-4-6'!A:A,0),$W$12))),"NOT FOUND")} -> support with changes | F26: =AND(C26=D26,D26=E26) -> FALSE | G26: =IF(F26,B26=C26,"N/A") -> N/A | H26: =AND(F26,B26<>C26) -> FALSE | I26: =IF(F26,C26,"No consensus") -> No consensus | J26: =IF(H26,B26&" → "&I26,"")
A27: ='Hand Coded'!A27 -> 1751 | B27: {=LOWER(TRIM(INDEX('Hand Coded'!A:G,ROW(),$W$11)))} -> oppose | C27: {=IFERROR(LOWER(TRIM(INDEX('gemini-3.1-flash-lite-preview'!A:K,MATCH(A27,'gemini-3.1-flash-lite-preview'!A:A,0),$W$12))),"NOT FOUND")} -> oppose | D27: {=IFERROR(LOWER(TRIM(INDEX('gpt-5.4-mini'!A:K,MATCH(A27,'gpt-5.4-mini'!A:A,0),$W$12))),"NOT FOUND")} -> oppose | E27: {=IFERROR(LOWER(TRIM(INDEX('claude-sonnet-4-6'!A:K,MATCH(A27,'claude-sonnet-4-6'!A:A,0),$W$12))),"NOT FOUND")} -> oppose | F27: =AND(C27=D27,D27=E27) -> TRUE | G27: =IF(F27,B27=C27,"N/A") -> TRUE | H27: =AND(F27,B27<>C27) -> FALSE | I27: =IF(F27,C27,"No consensus") -> oppose | J27: =IF(H27,B27&" → "&I27,"") | P27: {=IFERROR(INDEX(_xlfn._xlws.SORT(_xlfn.UNIQUE(_xlfn._xlws.FILTER($J$2:$J$5000,$J$2:$J$5000<>"")),1,1),ROW()-8),"")} | Q27: =IF(P27="","",COUNTIF($J$2:$J$5000,P27)) | R27: =IF(P27="","",Q27/$Q$5)
A28: ='Hand Coded'!A28 -> 1758 | B28: {=LOWER(TRIM(INDEX('Hand Coded'!A:G,ROW(),$W$11)))} -> support | C28: {=IFERROR(LOWER(TRIM(INDEX('gemini-3.1-flash-lite-preview'!A:K,MATCH(A28,'gemini-3.1-flash-lite-preview'!A:A,0),$W$12))),"NOT FOUND")} -> support | D28: {=IFERROR(LOWER(TRIM(INDEX('gpt-5.4-mini'!A:K,MATCH(A28,'gpt-5.4-mini'!A:A,0),$W$12))),"NOT FOUND")} -> support | E28: {=IFERROR(LOWER(TRIM(INDEX('claude-sonnet-4-6'!A:K,MATCH(A28,'claude-sonnet-4-6'!A:A,0),$W$12))),"NOT FOUND")} -> support | F28: =AND(C28=D28,D28=E28) -> TRUE | G28: =IF(F28,B28=C28,"N/A") -> TRUE | H28: =AND(F28,B28<>C28) -> FALSE | I28: =IF(F28,C28,"No consensus") -> support | J28: =IF(H28,B28&" → "&I28,"") | P28: {=IFERROR(INDEX(_xlfn._xlws.SORT(_xlfn.UNIQUE(_xlfn._xlws.FILTER($J$2:$J$5000,$J$2:$J$5000<>"")),1,1),ROW()-8),"")} | Q28: =IF(P28="","",COUNTIF($J$2:$J$5000,P28)) | R28: =IF(P28="","",Q28/$Q$5)
A29: ='Hand Coded'!A29 -> 1844 | B29: {=LOWER(TRIM(INDEX('Hand Coded'!A:G,ROW(),$W$11)))} -> support | C29: {=IFERROR(LOWER(TRIM(INDEX('gemini-3.1-flash-lite-preview'!A:K,MATCH(A29,'gemini-3.1-flash-lite-preview'!A:A,0),$W$12))),"NOT FOUND")} -> oppose | D29: {=IFERROR(LOWER(TRIM(INDEX('gpt-5.4-mini'!A:K,MATCH(A29,'gpt-5.4-mini'!A:A,0),$W$12))),"NOT FOUND")} -> oppose | E29: {=IFERROR(LOWER(TRIM(INDEX('claude-sonnet-4-6'!A:K,MATCH(A29,'claude-sonnet-4-6'!A:A,0),$W$12))),"NOT FOUND")} -> support | F29: =AND(C29=D29,D29=E29) -> FALSE | G29: =IF(F29,B29=C29,"N/A") -> N/A | H29: =AND(F29,B29<>C29) -> FALSE | I29: =IF(F29,C29,"No consensus") -> No consensus | J29: =IF(H29,B29&" → "&I29,"") | P29: {=IFERROR(INDEX(_xlfn._xlws.SORT(_xlfn.UNIQUE(_xlfn._xlws.FILTER($J$2:$J$5000,$J$2:$J$5000<>"")),1,1),ROW()-8),"")} | Q29: =IF(P29="","",COUNTIF($J$2:$J$5000,P29)) | R29: =IF(P29="","",Q29/$Q$5)
A30: ='Hand Coded'!A30 -> 1854 | B30: {=LOWER(TRIM(INDEX('Hand Coded'!A:G,ROW(),$W$11)))} -> neutral | C30: {=IFERROR(LOWER(TRIM(INDEX('gemini-3.1-flash-lite-preview'!A:K,MATCH(A30,'gemini-3.1-flash-lite-preview'!A:A,0),$W$12))),"NOT FOUND")} -> neutral | D30: {=IFERROR(LOWER(TRIM(INDEX('gpt-5.4-mini'!A:K,MATCH(A30,'gpt-5.4-mini'!A:A,0),$W$12))),"NOT FOUND")} -> neutral | E30: {=IFERROR(LOWER(TRIM(INDEX('claude-sonnet-4-6'!A:K,MATCH(A30,'claude-sonnet-4-6'!A:A,0),$W$12))),"NOT FOUND")} -> neutral | F30: =AND(C30=D30,D30=E30) -> TRUE | G30: =IF(F30,B30=C30,"N/A") -> TRUE | H30: =AND(F30,B30<>C30) -> FALSE | I30: =IF(F30,C30,"No consensus") -> neutral | J30: =IF(H30,B30&" → "&I30,"") | P30: {=IFERROR(INDEX(_xlfn._xlws.SORT(_xlfn.UNIQUE(_xlfn._xlws.FILTER($J$2:$J$5000,$J$2:$J$5000<>"")),1,1),ROW()-8),"")} | Q30: =IF(P30="","",COUNTIF($J$2:$J$5000,P30)) | R30: =IF(P30="","",Q30/$Q$5)
A31: ='Hand Coded'!A31 -> 1915 | B31: {=LOWER(TRIM(INDEX('Hand Coded'!A:G,ROW(),$W$11)))} -> support | C31: {=IFERROR(LOWER(TRIM(INDEX('gemini-3.1-flash-lite-preview'!A:K,MATCH(A31,'gemini-3.1-flash-lite-preview'!A:A,0),$W$12))),"NOT FOUND")} -> oppose | D31: {=IFERROR(LOWER(TRIM(INDEX('gpt-5.4-mini'!A:K,MATCH(A31,'gpt-5.4-mini'!A:A,0),$W$12))),"NOT FOUND")} -> support | E31: {=IFERROR(LOWER(TRIM(INDEX('claude-sonnet-4-6'!A:K,MATCH(A31,'claude-sonnet-4-6'!A:A,0),$W$12))),"NOT FOUND")} -> support | F31: =AND(C31=D31,D31=E31) -> FALSE | G31: =IF(F31,B31=C31,"N/A") -> N/A | H31: =AND(F31,B31<>C31) -> FALSE | I31: =IF(F31,C31,"No consensus") -> No consensus | J31: =IF(H31,B31&" → "&I31,"") | P31: {=IFERROR(INDEX(_xlfn._xlws.SORT(_xlfn.UNIQUE(_xlfn._xlws.FILTER($J$2:$J$5000,$J$2:$J$5000<>"")),1,1),ROW()-8),"")} | Q31: =IF(P31="","",COUNTIF($J$2:$J$5000,P31)) | R31: =IF(P31="","",Q31/$Q$5)
A32: ='Hand Coded'!A32 -> 1943 | B32: {=LOWER(TRIM(INDEX('Hand Coded'!A:G,ROW(),$W$11)))} -> support with changes | C32: {=IFERROR(LOWER(TRIM(INDEX('gemini-3.1-flash-lite-preview'!A:K,MATCH(A32,'gemini-3.1-flash-lite-preview'!A:A,0),$W$12))),"NOT FOUND")} -> support with changes | D32: {=IFERROR(LOWER(TRIM(INDEX('gpt-5.4-mini'!A:K,MATCH(A32,'gpt-5.4-mini'!A:A,0),$W$12))),"NOT FOUND")} -> support with changes | E32: {=IFERROR(LOWER(TRIM(INDEX('claude-sonnet-4-6'!A:K,MATCH(A32,'claude-sonnet-4-6'!A:A,0),$W$12))),"NOT FOUND")} -> support with changes | F32: =AND(C32=D32,D32=E32) -> TRUE | G32: =IF(F32,B32=C32,"N/A") -> TRUE | H32: =AND(F32,B32<>C32) -> FALSE | I32: =IF(F32,C32,"No consensus") -> support with changes | J32: =IF(H32,B32&" → "&I32,"") | P32: {=IFERROR(INDEX(_xlfn._xlws.SORT(_xlfn.UNIQUE(_xlfn._xlws.FILTER($J$2:$J$5000,$J$2:$J$5000<>"")),1,1),ROW()-8),"")} | Q32: =IF(P32="","",COUNTIF($J$2:$J$5000,P32)) | R32: =IF(P32="","",Q32/$Q$5)
A33: ='Hand Coded'!A33 -> 1947 | B33: {=LOWER(TRIM(INDEX('Hand Coded'!A:G,ROW(),$W$11)))} -> support with changes | C33: {=IFERROR(LOWER(TRIM(INDEX('gemini-3.1-flash-lite-preview'!A:K,MATCH(A33,'gemini-3.1-flash-lite-preview'!A:A,0),$W$12))),"NOT FOUND")} -> support with changes | D33: {=IFERROR(LOWER(TRIM(INDEX('gpt-5.4-mini'!A:K,MATCH(A33,'gpt-5.4-mini'!A:A,0),$W$12))),"NOT FOUND")} -> support with changes | E33: {=IFERROR(LOWER(TRIM(INDEX('claude-sonnet-4-6'!A:K,MATCH(A33,'claude-sonnet-4-6'!A:A,0),$W$12))),"NOT FOUND")} -> support with changes | F33: =AND(C33=D33,D33=E33) -> TRUE | G33: =IF(F33,B33=C33,"N/A") -> TRUE | H33: =AND(F33,B33<>C33) -> FALSE | I33: =IF(F33,C33,"No consensus") -> support with changes | J33: =IF(H33,B33&" → "&I33,"") | P33: {=IFERROR(INDEX(_xlfn._xlws.SORT(_xlfn.UNIQUE(_xlfn._xlws.FILTER($J$2:$J$5000,$J$2:$J$5000<>"")),1,1),ROW()-8),"")} | Q33: =IF(P33="","",COUNTIF($J$2:$J$5000,P33)) | R33: =IF(P33="","",Q33/$Q$5)
A34: ='Hand Coded'!A34 -> 1955 | B34: {=LOWER(TRIM(INDEX('Hand Coded'!A:G,ROW(),$W$11)))} -> support with changes | C34: {=IFERROR(LOWER(TRIM(INDEX('gemini-3.1-flash-lite-preview'!A:K,MATCH(A34,'gemini-3.1-flash-lite-preview'!A:A,0),$W$12))),"NOT FOUND")} -> oppose | D34: {=IFERROR(LOWER(TRIM(INDEX('gpt-5.4-mini'!A:K,MATCH(A34,'gpt-5.4-mini'!A:A,0),$W$12))),"NOT FOUND")} -> support | E34: {=IFERROR(LOWER(TRIM(INDEX('claude-sonnet-4-6'!A:K,MATCH(A34,'claude-sonnet-4-6'!A:A,0),$W$12))),"NOT FOUND")} -> support | F34: =AND(C34=D34,D34=E34) -> FALSE | G34: =IF(F34,B34=C34,"N/A") -> N/A | H34: =AND(F34,B34<>C34) -> FALSE | I34: =IF(F34,C34,"No consensus") -> No consensus | J34: =IF(H34,B34&" → "&I34,"") | P34: {=IFERROR(INDEX(_xlfn._xlws.SORT(_xlfn.UNIQUE(_xlfn._xlws.FILTER($J$2:$J$5000,$J$2:$J$5000<>"")),1,1),ROW()-8),"")} | Q34: =IF(P34="","",COUNTIF($J$2:$J$5000,P34)) | R34: =IF(P34="","",Q34/$Q$5)
A35: ='Hand Coded'!A35 -> 1975 | B35: {=LOWER(TRIM(INDEX('Hand Coded'!A:G,ROW(),$W$11)))} -> oppose | C35: {=IFERROR(LOWER(TRIM(INDEX('gemini-3.1-flash-lite-preview'!A:K,MATCH(A35,'gemini-3.1-flash-lite-preview'!A:A,0),$W$12))),"NOT FOUND")} -> oppose | D35: {=IFERROR(LOWER(TRIM(INDEX('gpt-5.4-mini'!A:K,MATCH(A35,'gpt-5.4-mini'!A:A,0),$W$12))),"NOT FOUND")} -> oppose | E35: {=IFERROR(LOWER(TRIM(INDEX('claude-sonnet-4-6'!A:K,MATCH(A35,'claude-sonnet-4-6'!A:A,0),$W$12))),"NOT FOUND")} -> oppose | F35: =AND(C35=D35,D35=E35) -> TRUE | G35: =IF(F35,B35=C35,"N/A") -> TRUE | H35: =AND(F35,B35<>C35) -> FALSE | I35: =IF(F35,C35,"No consensus") -> oppose | J35: =IF(H35,B35&" → "&I35,"") | P35: {=IFERROR(INDEX(_xlfn._xlws.SORT(_xlfn.UNIQUE(_xlfn._xlws.FILTER($J$2:$J$5000,$J$2:$J$5000<>"")),1,1),ROW()-8),"")} | Q35: =IF(P35="","",COUNTIF($J$2:$J$5000,P35)) | R35: =IF(P35="","",Q35/$Q$5)
A36: ='Hand Coded'!A36 -> 1983 | B36: {=LOWER(TRIM(INDEX('Hand Coded'!A:G,ROW(),$W$11)))} -> neutral | C36: {=IFERROR(LOWER(TRIM(INDEX('gemini-3.1-flash-lite-preview'!A:K,MATCH(A36,'gemini-3.1-flash-lite-preview'!A:A,0),$W$12))),"NOT FOUND")} -> oppose | D36: {=IFERROR(LOWER(TRIM(INDEX('gpt-5.4-mini'!A:K,MATCH(A36,'gpt-5.4-mini'!A:A,0),$W$12))),"NOT FOUND")} -> oppose | E36: {=IFERROR(LOWER(TRIM(INDEX('claude-sonnet-4-6'!A:K,MATCH(A36,'claude-sonnet-4-6'!A:A,0),$W$12))),"NOT FOUND")} -> neutral | F36: =AND(C36=D36,D36=E36) -> FALSE | G36: =IF(F36,B36=C36,"N/A") -> N/A | H36: =AND(F36,B36<>C36) -> FALSE | I36: =IF(F36,C36,"No consensus") -> No consensus | J36: =IF(H36,B36&" → "&I36,"") | P36: {=IFERROR(INDEX(_xlfn._xlws.SORT(_xlfn.UNIQUE(_xlfn._xlws.FILTER($J$2:$J$5000,$J$2:$J$5000<>"")),1,1),ROW()-8),"")} | Q36: =IF(P36="","",COUNTIF($J$2:$J$5000,P36)) | R36: =IF(P36="","",Q36/$Q$5)
A37: ='Hand Coded'!A37 -> 2000 | B37: {=LOWER(TRIM(INDEX('Hand Coded'!A:G,ROW(),$W$11)))} -> neutral | C37: {=IFERROR(LOWER(TRIM(INDEX('gemini-3.1-flash-lite-preview'!A:K,MATCH(A37,'gemini-3.1-flash-lite-preview'!A:A,0),$W$12))),"NOT FOUND")} -> neutral | D37: {=IFERROR(LOWER(TRIM(INDEX('gpt-5.4-mini'!A:K,MATCH(A37,'gpt-5.4-mini'!A:A,0),$W$12))),"NOT FOUND")} -> neutral | E37: {=IFERROR(LOWER(TRIM(INDEX('claude-sonnet-4-6'!A:K,MATCH(A37,'claude-sonnet-4-6'!A:A,0),$W$12))),"NOT FOUND")} -> neutral | F37: =AND(C37=D37,D37=E37) -> TRUE | G37: =IF(F37,B37=C37,"N/A") -> TRUE | H37: =AND(F37,B37<>C37) -> FALSE | I37: =IF(F37,C37,"No consensus") -> neutral | J37: =IF(H37,B37&" → "&I37,"") | P37: {=IFERROR(INDEX(_xlfn._xlws.SORT(_xlfn.UNIQUE(_xlfn._xlws.FILTER($J$2:$J$5000,$J$2:$J$5000<>"")),1,1),ROW()-8),"")} | Q37: =IF(P37="","",COUNTIF($J$2:$J$5000,P37)) | R37: =IF(P37="","",Q37/$Q$5)
A38: ='Hand Coded'!A38 -> 2012 | B38: {=LOWER(TRIM(INDEX('Hand Coded'!A:G,ROW(),$W$11)))} -> oppose | C38: {=IFERROR(LOWER(TRIM(INDEX('gemini-3.1-flash-lite-preview'!A:K,MATCH(A38,'gemini-3.1-flash-lite-preview'!A:A,0),$W$12))),"NOT FOUND")} -> oppose | D38: {=IFERROR(LOWER(TRIM(INDEX('gpt-5.4-mini'!A:K,MATCH(A38,'gpt-5.4-mini'!A:A,0),$W$12))),"NOT FOUND")} -> oppose | E38: {=IFERROR(LOWER(TRIM(INDEX('claude-sonnet-4-6'!A:K,MATCH(A38,'claude-sonnet-4-6'!A:A,0),$W$12))),"NOT FOUND")} -> oppose | F38: =AND(C38=D38,D38=E38) -> TRUE | G38: =IF(F38,B38=C38,"N/A") -> TRUE | H38: =AND(F38,B38<>C38) -> FALSE | I38: =IF(F38,C38,"No consensus") -> oppose | J38: =IF(H38,B38&" → "&I38,"") | P38: {=IFERROR(INDEX(_xlfn._xlws.SORT(_xlfn.UNIQUE(_xlfn._xlws.FILTER($J$2:$J$5000,$J$2:$J$5000<>"")),1,1),ROW()-8),"")} | Q38: =IF(P38="","",COUNTIF($J$2:$J$5000,P38)) | R38: =IF(P38="","",Q38/$Q$5)
A39: ='Hand Coded'!A39 -> 2086 | B39: {=LOWER(TRIM(INDEX('Hand Coded'!A:G,ROW(),$W$11)))} -> support with changes | C39: {=IFERROR(LOWER(TRIM(INDEX('gemini-3.1-flash-lite-preview'!A:K,MATCH(A39,'gemini-3.1-flash-lite-preview'!A:A,0),$W$12))),"NOT FOUND")} -> support with changes | D39: {=IFERROR(LOWER(TRIM(INDEX('gpt-5.4-mini'!A:K,MATCH(A39,'gpt-5.4-mini'!A:A,0),$W$12))),"NOT FOUND")} -> support with changes | E39: {=IFERROR(LOWER(TRIM(INDEX('claude-sonnet-4-6'!A:K,MATCH(A39,'claude-sonnet-4-6'!A:A,0),$W$12))),"NOT FOUND")} -> support with changes | F39: =AND(C39=D39,D39=E39) -> TRUE | G39: =IF(F39,B39=C39,"N/A") -> TRUE | H39: =AND(F39,B39<>C39) -> FALSE | I39: =IF(F39,C39,"No consensus") -> support with changes | J39: =IF(H39,B39&" → "&I39,"")
A40: ='Hand Coded'!A40 -> 2180 | B40: {=LOWER(TRIM(INDEX('Hand Coded'!A:G,ROW(),$W$11)))} -> support | C40: {=IFERROR(LOWER(TRIM(INDEX('gemini-3.1-flash-lite-preview'!A:K,MATCH(A40,'gemini-3.1-flash-lite-preview'!A:A,0),$W$12))),"NOT FOUND")} -> support | D40: {=IFERROR(LOWER(TRIM(INDEX('gpt-5.4-mini'!A:K,MATCH(A40,'gpt-5.4-mini'!A:A,0),$W$12))),"NOT FOUND")} -> support | E40: {=IFERROR(LOWER(TRIM(INDEX('claude-sonnet-4-6'!A:K,MATCH(A40,'claude-sonnet-4-6'!A:A,0),$W$12))),"NOT FOUND")} -> support | F40: =AND(C40=D40,D40=E40) -> TRUE | G40: =IF(F40,B40=C40,"N/A") -> TRUE | H40: =AND(F40,B40<>C40) -> FALSE | I40: =IF(F40,C40,"No consensus") -> support | J40: =IF(H40,B40&" → "&I40,"") | P40: AGREEMENT BY HAND-CODED CATEGORY
A41: ='Hand Coded'!A41 -> 2192 | B41: {=LOWER(TRIM(INDEX('Hand Coded'!A:G,ROW(),$W$11)))} -> oppose | C41: {=IFERROR(LOWER(TRIM(INDEX('gemini-3.1-flash-lite-preview'!A:K,MATCH(A41,'gemini-3.1-flash-lite-preview'!A:A,0),$W$12))),"NOT FOUND")} -> oppose | D41: {=IFERROR(LOWER(TRIM(INDEX('gpt-5.4-mini'!A:K,MATCH(A41,'gpt-5.4-mini'!A:A,0),$W$12))),"NOT FOUND")} -> oppose | E41: {=IFERROR(LOWER(TRIM(INDEX('claude-sonnet-4-6'!A:K,MATCH(A41,'claude-sonnet-4-6'!A:A,0),$W$12))),"NOT FOUND")} -> oppose | F41: =AND(C41=D41,D41=E41) -> TRUE | G41: =IF(F41,B41=C41,"N/A") -> TRUE | H41: =AND(F41,B41<>C41) -> FALSE | I41: =IF(F41,C41,"No consensus") -> oppose | J41: =IF(H41,B41&" → "&I41,"") | P41: Category | Q41: Count | R41: Majority Agree | S41: Agree % | T41: Consensus Disagree
A42: ='Hand Coded'!A42 -> 2197 | B42: {=LOWER(TRIM(INDEX('Hand Coded'!A:G,ROW(),$W$11)))} -> oppose | C42: {=IFERROR(LOWER(TRIM(INDEX('gemini-3.1-flash-lite-preview'!A:K,MATCH(A42,'gemini-3.1-flash-lite-preview'!A:A,0),$W$12))),"NOT FOUND")} -> oppose | D42: {=IFERROR(LOWER(TRIM(INDEX('gpt-5.4-mini'!A:K,MATCH(A42,'gpt-5.4-mini'!A:A,0),$W$12))),"NOT FOUND")} -> oppose | E42: {=IFERROR(LOWER(TRIM(INDEX('claude-sonnet-4-6'!A:K,MATCH(A42,'claude-sonnet-4-6'!A:A,0),$W$12))),"NOT FOUND")} -> oppose | F42: =AND(C42=D42,D42=E42) -> TRUE | G42: =IF(F42,B42=C42,"N/A") -> TRUE | H42: =AND(F42,B42<>C42) -> FALSE | I42: =IF(F42,C42,"No consensus") -> oppose | J42: =IF(H42,B42&" → "&I42,"") | P42: {=IFERROR(INDEX(_xlfn._xlws.SORT(_xlfn.UNIQUE(_xlfn._xlws.FILTER($B$2:$B$5000,$B$2:$B$5000<>"")),1,1),ROW()-41),"")} -> neutral | Q42: =IF(P42="","",COUNTIF($B$2:$B$5000,P42)) -> 47 | R42: {=IF(P42="","",SUMPRODUCT((OFFSET($B$2,0,0,$Q$2,1)=P42)*((OFFSET($B$2,0,0,$Q$2,1)=OFFSET($C$2,0,0,$Q$2,1))+(OFFSET($B$2,0,0,$Q$2,1)=OFFSET($D$2,0,0,$Q$2,1))+(OFFSET($B$2,0,0,$Q$2,1)=OFFSET($E$2,0,0,$Q$2,1))>=2)))} -> 34 | S42: =IF(P42="","",R42/Q42) -> 0.72340426 | T42: {=IF(P42="","",SUMPRODUCT((OFFSET($B$2,0,0,$Q$2,1)=P42)*(OFFSET($H$2,0,0,$Q$2,1)=TRUE)))} -> 4
A43: ='Hand Coded'!A43 -> 2219 | B43: {=LOWER(TRIM(INDEX('Hand Coded'!A:G,ROW(),$W$11)))} -> neutral | C43: {=IFERROR(LOWER(TRIM(INDEX('gemini-3.1-flash-lite-preview'!A:K,MATCH(A43,'gemini-3.1-flash-lite-preview'!A:A,0),$W$12))),"NOT FOUND")} -> oppose | D43: {=IFERROR(LOWER(TRIM(INDEX('gpt-5.4-mini'!A:K,MATCH(A43,'gpt-5.4-mini'!A:A,0),$W$12))),"NOT FOUND")} -> oppose | E43: {=IFERROR(LOWER(TRIM(INDEX('claude-sonnet-4-6'!A:K,MATCH(A43,'claude-sonnet-4-6'!A:A,0),$W$12))),"NOT FOUND")} -> support with changes | F43: =AND(C43=D43,D43=E43) -> FALSE | G43: =IF(F43,B43=C43,"N/A") -> N/A | H43: =AND(F43,B43<>C43) -> FALSE | I43: =IF(F43,C43,"No consensus") -> No consensus | J43: =IF(H43,B43&" → "&I43,"") | P43: {=IFERROR(INDEX(_xlfn._xlws.SORT(_xlfn.UNIQUE(_xlfn._xlws.FILTER($B$2:$B$5000,$B$2:$B$5000<>"")),1,1),ROW()-41),"")} -> oppose | Q43: =IF(P43="","",COUNTIF($B$2:$B$5000,P43)) -> 101 | R43: {=IF(P43="","",SUMPRODUCT((OFFSET($B$2,0,0,$Q$2,1)=P43)*((OFFSET($B$2,0,0,$Q$2,1)=OFFSET($C$2,0,0,$Q$2,1))+(OFFSET($B$2,0,0,$Q$2,1)=OFFSET($D$2,0,0,$Q$2,1))+(OFFSET($B$2,0,0,$Q$2,1)=OFFSET($E$2,0,0,$Q$2,1))>=2)))} -> 91 | S43: =IF(P43="","",R43/Q43) -> 0.9009901 | T43: {=IF(P43="","",SUMPRODUCT((OFFSET($B$2,0,0,$Q$2,1)=P43)*(OFFSET($H$2,0,0,$Q$2,1)=TRUE)))} -> 3
A44: ='Hand Coded'!A44 -> 2241 | B44: {=LOWER(TRIM(INDEX('Hand Coded'!A:G,ROW(),$W$11)))} -> support | C44: {=IFERROR(LOWER(TRIM(INDEX('gemini-3.1-flash-lite-preview'!A:K,MATCH(A44,'gemini-3.1-flash-lite-preview'!A:A,0),$W$12))),"NOT FOUND")} -> oppose | D44: {=IFERROR(LOWER(TRIM(INDEX('gpt-5.4-mini'!A:K,MATCH(A44,'gpt-5.4-mini'!A:A,0),$W$12))),"NOT FOUND")} -> support with changes | E44: {=IFERROR(LOWER(TRIM(INDEX('claude-sonnet-4-6'!A:K,MATCH(A44,'claude-sonnet-4-6'!A:A,0),$W$12))),"NOT FOUND")} -> support | F44: =AND(C44=D44,D44=E44) -> FALSE | G44: =IF(F44,B44=C44,"N/A") -> N/A | H44: =AND(F44,B44<>C44) -> FALSE | I44: =IF(F44,C44,"No consensus") -> No consensus | J44: =IF(H44,B44&" → "&I44,"") | P44: {=IFERROR(INDEX(_xlfn._xlws.SORT(_xlfn.UNIQUE(_xlfn._xlws.FILTER($B$2:$B$5000,$B$2:$B$5000<>"")),1,1),ROW()-41),"")} -> support | Q44: =IF(P44="","",COUNTIF($B$2:$B$5000,P44)) -> 47 | R44: {=IF(P44="","",SUMPRODUCT((OFFSET($B$2,0,0,$Q$2,1)=P44)*((OFFSET($B$2,0,0,$Q$2,1)=OFFSET($C$2,0,0,$Q$2,1))+(OFFSET($B$2,0,0,$Q$2,1)=OFFSET($D$2,0,0,$Q$2,1))+(OFFSET($B$2,0,0,$Q$2,1)=OFFSET($E$2,0,0,$Q$2,1))>=2)))} -> 36 | S44: =IF(P44="","",R44/Q44) -> 0.76595745 | T44: {=IF(P44="","",SUMPRODUCT((OFFSET($B$2,0,0,$Q$2,1)=P44)*(OFFSET($H$2,0,0,$Q$2,1)=TRUE)))} -> 4
A45: ='Hand Coded'!A45 -> 2292 | B45: {=LOWER(TRIM(INDEX('Hand Coded'!A:G,ROW(),$W$11)))} -> support with changes | C45: {=IFERROR(LOWER(TRIM(INDEX('gemini-3.1-flash-lite-preview'!A:K,MATCH(A45,'gemini-3.1-flash-lite-preview'!A:A,0),$W$12))),"NOT FOUND")} -> support with changes | D45: {=IFERROR(LOWER(TRIM(INDEX('gpt-5.4-mini'!A:K,MATCH(A45,'gpt-5.4-mini'!A:A,0),$W$12))),"NOT FOUND")} -> neutral | E45: {=IFERROR(LOWER(TRIM(INDEX('claude-sonnet-4-6'!A:K,MATCH(A45,'claude-sonnet-4-6'!A:A,0),$W$12))),"NOT FOUND")} -> support with changes | F45: =AND(C45=D45,D45=E45) -> FALSE | G45: =IF(F45,B45=C45,"N/A") -> N/A | H45: =AND(F45,B45<>C45) -> FALSE | I45: =IF(F45,C45,"No consensus") -> No consensus | J45: =IF(H45,B45&" → "&I45,"") | P45: {=IFERROR(INDEX(_xlfn._xlws.SORT(_xlfn.UNIQUE(_xlfn._xlws.FILTER($B$2:$B$5000,$B$2:$B$5000<>"")),1,1),ROW()-41),"")} -> support with changes | Q45: =IF(P45="","",COUNTIF($B$2:$B$5000,P45)) -> 39 | R45: {=IF(P45="","",SUMPRODUCT((OFFSET($B$2,0,0,$Q$2,1)=P45)*((OFFSET($B$2,0,0,$Q$2,1)=OFFSET($C$2,0,0,$Q$2,1))+(OFFSET($B$2,0,0,$Q$2,1)=OFFSET($D$2,0,0,$Q$2,1))+(OFFSET($B$2,0,0,$Q$2,1)=OFFSET($E$2,0,0,$Q$2,1))>=2)))} -> 36 | S45: =IF(P45="","",R45/Q45) -> 0.92307692 | T45: {=IF(P45="","",SUMPRODUCT((OFFSET($B$2,0,0,$Q$2,1)=P45)*(OFFSET($H$2,0,0,$Q$2,1)=TRUE)))} -> 0
A46: ='Hand Coded'!A46 -> 2307 | B46: {=LOWER(TRIM(INDEX('Hand Coded'!A:G,ROW(),$W$11)))} -> support with changes | C46: {=IFERROR(LOWER(TRIM(INDEX('gemini-3.1-flash-lite-preview'!A:K,MATCH(A46,'gemini-3.1-flash-lite-preview'!A:A,0),$W$12))),"NOT FOUND")} -> support with changes | D46: {=IFERROR(LOWER(TRIM(INDEX('gpt-5.4-mini'!A:K,MATCH(A46,'gpt-5.4-mini'!A:A,0),$W$12))),"NOT FOUND")} -> support with changes | E46: {=IFERROR(LOWER(TRIM(INDEX('claude-sonnet-4-6'!A:K,MATCH(A46,'claude-sonnet-4-6'!A:A,0),$W$12))),"NOT FOUND")} -> support with changes | F46: =AND(C46=D46,D46=E46) -> TRUE | G46: =IF(F46,B46=C46,"N/A") -> TRUE | H46: =AND(F46,B46<>C46) -> FALSE | I46: =IF(F46,C46,"No consensus") -> support with changes | J46: =IF(H46,B46&" → "&I46,"") | P46: {=IFERROR(INDEX(_xlfn._xlws.SORT(_xlfn.UNIQUE(_xlfn._xlws.FILTER($B$2:$B$5000,$B$2:$B$5000<>"")),1,1),ROW()-41),"")} | Q46: =IF(P46="","",COUNTIF($B$2:$B$5000,P46)) | R46: {=IF(P46="","",SUMPRODUCT((OFFSET($B$2,0,0,$Q$2,1)=P46)*((OFFSET($B$2,0,0,$Q$2,1)=OFFSET($C$2,0,0,$Q$2,1))+(OFFSET($B$2,0,0,$Q$2,1)=OFFSET($D$2,0,0,$Q$2,1))+(OFFSET($B$2,0,0,$Q$2,1)=OFFSET($E$2,0,0,$Q$2,1))>=2)))} | S46: =IF(P46="","",R46/Q46) | T46: {=IF(P46="","",SUMPRODUCT((OFFSET($B$2,0,0,$Q$2,1)=P46)*(OFFSET($H$2,0,0,$Q$2,1)=TRUE)))}
A47: ='Hand Coded'!A47 -> 2326 | B47: {=LOWER(TRIM(INDEX('Hand Coded'!A:G,ROW(),$W$11)))} -> oppose | C47: {=IFERROR(LOWER(TRIM(INDEX('gemini-3.1-flash-lite-preview'!A:K,MATCH(A47,'gemini-3.1-flash-lite-preview'!A:A,0),$W$12))),"NOT FOUND")} -> oppose | D47: {=IFERROR(LOWER(TRIM(INDEX('gpt-5.4-mini'!A:K,MATCH(A47,'gpt-5.4-mini'!A:A,0),$W$12))),"NOT FOUND")} -> oppose | E47: {=IFERROR(LOWER(TRIM(INDEX('claude-sonnet-4-6'!A:K,MATCH(A47,'claude-sonnet-4-6'!A:A,0),$W$12))),"NOT FOUND")} -> oppose | F47: =AND(C47=D47,D47=E47) -> TRUE | G47: =IF(F47,B47=C47,"N/A") -> TRUE | H47: =AND(F47,B47<>C47) -> FALSE | I47: =IF(F47,C47,"No consensus") -> oppose | J47: =IF(H47,B47&" → "&I47,"") | P47: {=IFERROR(INDEX(_xlfn._xlws.SORT(_xlfn.UNIQUE(_xlfn._xlws.FILTER($B$2:$B$5000,$B$2:$B$5000<>"")),1,1),ROW()-41),"")} | Q47: =IF(P47="","",COUNTIF($B$2:$B$5000,P47)) | R47: {=IF(P47="","",SUMPRODUCT((OFFSET($B$2,0,0,$Q$2,1)=P47)*((OFFSET($B$2,0,0,$Q$2,1)=OFFSET($C$2,0,0,$Q$2,1))+(OFFSET($B$2,0,0,$Q$2,1)=OFFSET($D$2,0,0,$Q$2,1))+(OFFSET($B$2,0,0,$Q$2,1)=OFFSET($E$2,0,0,$Q$2,1))>=2)))} | S47: =IF(P47="","",R47/Q47) | T47: {=IF(P47="","",SUMPRODUCT((OFFSET($B$2,0,0,$Q$2,1)=P47)*(OFFSET($H$2,0,0,$Q$2,1)=TRUE)))}
A48: ='Hand Coded'!A48 -> 2335 | B48: {=LOWER(TRIM(INDEX('Hand Coded'!A:G,ROW(),$W$11)))} -> support with changes | C48: {=IFERROR(LOWER(TRIM(INDEX('gemini-3.1-flash-lite-preview'!A:K,MATCH(A48,'gemini-3.1-flash-lite-preview'!A:A,0),$W$12))),"NOT FOUND")} -> support with changes | D48: {=IFERROR(LOWER(TRIM(INDEX('gpt-5.4-mini'!A:K,MATCH(A48,'gpt-5.4-mini'!A:A,0),$W$12))),"NOT FOUND")} -> support with changes | E48: {=IFERROR(LOWER(TRIM(INDEX('claude-sonnet-4-6'!A:K,MATCH(A48,'claude-sonnet-4-6'!A:A,0),$W$12))),"NOT FOUND")} -> support with changes | F48: =AND(C48=D48,D48=E48) -> TRUE | G48: =IF(F48,B48=C48,"N/A") -> TRUE | H48: =AND(F48,B48<>C48) -> FALSE | I48: =IF(F48,C48,"No consensus") -> support with changes | J48: =IF(H48,B48&" → "&I48,"") | P48: {=IFERROR(INDEX(_xlfn._xlws.SORT(_xlfn.UNIQUE(_xlfn._xlws.FILTER($B$2:$B$5000,$B$2:$B$5000<>"")),1,1),ROW()-41),"")} | Q48: =IF(P48="","",COUNTIF($B$2:$B$5000,P48)) | R48: {=IF(P48="","",SUMPRODUCT((OFFSET($B$2,0,0,$Q$2,1)=P48)*((OFFSET($B$2,0,0,$Q$2,1)=OFFSET($C$2,0,0,$Q$2,1))+(OFFSET($B$2,0,0,$Q$2,1)=OFFSET($D$2,0,0,$Q$2,1))+(OFFSET($B$2,0,0,$Q$2,1)=OFFSET($E$2,0,0,$Q$2,1))>=2)))} | S48: =IF(P48="","",R48/Q48) | T48: {=IF(P48="","",SUMPRODUCT((OFFSET($B$2,0,0,$Q$2,1)=P48)*(OFFSET($H$2,0,0,$Q$2,1)=TRUE)))}
A49: ='Hand Coded'!A49 -> 2343 | B49: {=LOWER(TRIM(INDEX('Hand Coded'!A:G,ROW(),$W$11)))} -> neutral | C49: {=IFERROR(LOWER(TRIM(INDEX('gemini-3.1-flash-lite-preview'!A:K,MATCH(A49,'gemini-3.1-flash-lite-preview'!A:A,0),$W$12))),"NOT FOUND")} -> neutral | D49: {=IFERROR(LOWER(TRIM(INDEX('gpt-5.4-mini'!A:K,MATCH(A49,'gpt-5.4-mini'!A:A,0),$W$12))),"NOT FOUND")} -> neutral | E49: {=IFERROR(LOWER(TRIM(INDEX('claude-sonnet-4-6'!A:K,MATCH(A49,'claude-sonnet-4-6'!A:A,0),$W$12))),"NOT FOUND")} -> neutral | F49: =AND(C49=D49,D49=E49) -> TRUE | G49: =IF(F49,B49=C49,"N/A") -> TRUE | H49: =AND(F49,B49<>C49) -> FALSE | I49: =IF(F49,C49,"No consensus") -> neutral | J49: =IF(H49,B49&" → "&I49,"") | P49: {=IFERROR(INDEX(_xlfn._xlws.SORT(_xlfn.UNIQUE(_xlfn._xlws.FILTER($B$2:$B$5000,$B$2:$B$5000<>"")),1,1),ROW()-41),"")} | Q49: =IF(P49="","",COUNTIF($B$2:$B$5000,P49)) | R49: {=IF(P49="","",SUMPRODUCT((OFFSET($B$2,0,0,$Q$2,1)=P49)*((OFFSET($B$2,0,0,$Q$2,1)=OFFSET($C$2,0,0,$Q$2,1))+(OFFSET($B$2,0,0,$Q$2,1)=OFFSET($D$2,0,0,$Q$2,1))+(OFFSET($B$2,0,0,$Q$2,1)=OFFSET($E$2,0,0,$Q$2,1))>=2)))} | S49: =IF(P49="","",R49/Q49) | T49: {=IF(P49="","",SUMPRODUCT((OFFSET($B$2,0,0,$Q$2,1)=P49)*(OFFSET($H$2,0,0,$Q$2,1)=TRUE)))}
A50: ='Hand Coded'!A50 -> 2448 | B50: {=LOWER(TRIM(INDEX('Hand Coded'!A:G,ROW(),$W$11)))} -> oppose | C50: {=IFERROR(LOWER(TRIM(INDEX('gemini-3.1-flash-lite-preview'!A:K,MATCH(A50,'gemini-3.1-flash-lite-preview'!A:A,0),$W$12))),"NOT FOUND")} -> oppose | D50: {=IFERROR(LOWER(TRIM(INDEX('gpt-5.4-mini'!A:K,MATCH(A50,'gpt-5.4-mini'!A:A,0),$W$12))),"NOT FOUND")} -> oppose | E50: {=IFERROR(LOWER(TRIM(INDEX('claude-sonnet-4-6'!A:K,MATCH(A50,'claude-sonnet-4-6'!A:A,0),$W$12))),"NOT FOUND")} -> oppose | F50: =AND(C50=D50,D50=E50) -> TRUE | G50: =IF(F50,B50=C50,"N/A") -> TRUE | H50: =AND(F50,B50<>C50) -> FALSE | I50: =IF(F50,C50,"No consensus") -> oppose | J50: =IF(H50,B50&" → "&I50,"") | P50: {=IFERROR(INDEX(_xlfn._xlws.SORT(_xlfn.UNIQUE(_xlfn._xlws.FILTER($B$2:$B$5000,$B$2:$B$5000<>"")),1,1),ROW()-41),"")} | Q50: =IF(P50="","",COUNTIF($B$2:$B$5000,P50)) | R50: {=IF(P50="","",SUMPRODUCT((OFFSET($B$2,0,0,$Q$2,1)=P50)*((OFFSET($B$2,0,0,$Q$2,1)=OFFSET($C$2,0,0,$Q$2,1))+(OFFSET($B$2,0,0,$Q$2,1)=OFFSET($D$2,0,0,$Q$2,1))+(OFFSET($B$2,0,0,$Q$2,1)=OFFSET($E$2,0,0,$Q$2,1))>=2)))} | S50: =IF(P50="","",R50/Q50) | T50: {=IF(P50="","",SUMPRODUCT((OFFSET($B$2,0,0,$Q$2,1)=P50)*(OFFSET($H$2,0,0,$Q$2,1)=TRUE)))}
A51: ='Hand Coded'!A51 -> 2480 | B51: {=LOWER(TRIM(INDEX('Hand Coded'!A:G,ROW(),$W$11)))} -> oppose | C51: {=IFERROR(LOWER(TRIM(INDEX('gemini-3.1-flash-lite-preview'!A:K,MATCH(A51,'gemini-3.1-flash-lite-preview'!A:A,0),$W$12))),"NOT FOUND")} -> oppose | D51: {=IFERROR(LOWER(TRIM(INDEX('gpt-5.4-mini'!A:K,MATCH(A51,'gpt-5.4-mini'!A:A,0),$W$12))),"NOT FOUND")} -> oppose | E51: {=IFERROR(LOWER(TRIM(INDEX('claude-sonnet-4-6'!A:K,MATCH(A51,'claude-sonnet-4-6'!A:A,0),$W$12))),"NOT FOUND")} -> oppose | F51: =AND(C51=D51,D51=E51) -> TRUE | G51: =IF(F51,B51=C51,"N/A") -> TRUE | H51: =AND(F51,B51<>C51) -> FALSE | I51: =IF(F51,C51,"No consensus") -> oppose | J51: =IF(H51,B51&" → "&I51,"") | P51: {=IFERROR(INDEX(_xlfn._xlws.SORT(_xlfn.UNIQUE(_xlfn._xlws.FILTER($B$2:$B$5000,$B$2:$B$5000<>"")),1,1),ROW()-41),"")} | Q51: =IF(P51="","",COUNTIF($B$2:$B$5000,P51)) | R51: {=IF(P51="","",SUMPRODUCT((OFFSET($B$2,0,0,$Q$2,1)=P51)*((OFFSET($B$2,0,0,$Q$2,1)=OFFSET($C$2,0,0,$Q$2,1))+(OFFSET($B$2,0,0,$Q$2,1)=OFFSET($D$2,0,0,$Q$2,1))+(OFFSET($B$2,0,0,$Q$2,1)=OFFSET($E$2,0,0,$Q$2,1))>=2)))} | S51: =IF(P51="","",R51/Q51) | T51: {=IF(P51="","",SUMPRODUCT((OFFSET($B$2,0,0,$Q$2,1)=P51)*(OFFSET($H$2,0,0,$Q$2,1)=TRUE)))}
A52: ='Hand Coded'!A52 -> 2483 | B52: {=LOWER(TRIM(INDEX('Hand Coded'!A:G,ROW(),$W$11)))} -> oppose | C52: {=IFERROR(LOWER(TRIM(INDEX('gemini-3.1-flash-lite-preview'!A:K,MATCH(A52,'gemini-3.1-flash-lite-preview'!A:A,0),$W$12))),"NOT FOUND")} -> oppose | D52: {=IFERROR(LOWER(TRIM(INDEX('gpt-5.4-mini'!A:K,MATCH(A52,'gpt-5.4-mini'!A:A,0),$W$12))),"NOT FOUND")} -> oppose | E52: {=IFERROR(LOWER(TRIM(INDEX('claude-sonnet-4-6'!A:K,MATCH(A52,'claude-sonnet-4-6'!A:A,0),$W$12))),"NOT FOUND")} -> oppose | F52: =AND(C52=D52,D52=E52) -> TRUE | G52: =IF(F52,B52=C52,"N/A") -> TRUE | H52: =AND(F52,B52<>C52) -> FALSE | I52: =IF(F52,C52,"No consensus") -> oppose | J52: =IF(H52,B52&" → "&I52,"") | P52: {=IFERROR(INDEX(_xlfn._xlws.SORT(_xlfn.UNIQUE(_xlfn._xlws.FILTER($B$2:$B$5000,$B$2:$B$5000<>"")),1,1),ROW()-41),"")} | Q52: =IF(P52="","",COUNTIF($B$2:$B$5000,P52)) | R52: {=IF(P52="","",SUMPRODUCT((OFFSET($B$2,0,0,$Q$2,1)=P52)*((OFFSET($B$2,0,0,$Q$2,1)=OFFSET($C$2,0,0,$Q$2,1))+(OFFSET($B$2,0,0,$Q$2,1)=OFFSET($D$2,0,0,$Q$2,1))+(OFFSET($B$2,0,0,$Q$2,1)=OFFSET($E$2,0,0,$Q$2,1))>=2)))} | S52: =IF(P52="","",R52/Q52) | T52: {=IF(P52="","",SUMPRODUCT((OFFSET($B$2,0,0,$Q$2,1)=P52)*(OFFSET($H$2,0,0,$Q$2,1)=TRUE)))}
A53: ='Hand Coded'!A53 -> 2508 | B53: {=LOWER(TRIM(INDEX('Hand Coded'!A:G,ROW(),$W$11)))} -> support with changes | C53: {=IFERROR(LOWER(TRIM(INDEX('gemini-3.1-flash-lite-preview'!A:K,MATCH(A53,'gemini-3.1-flash-lite-preview'!A:A,0),$W$12))),"NOT FOUND")} -> support | D53: {=IFERROR(LOWER(TRIM(INDEX('gpt-5.4-mini'!A:K,MATCH(A53,'gpt-5.4-mini'!A:A,0),$W$12))),"NOT FOUND")} -> support with changes | E53: {=IFERROR(LOWER(TRIM(INDEX('claude-sonnet-4-6'!A:K,MATCH(A53,'claude-sonnet-4-6'!A:A,0),$W$12))),"NOT FOUND")} -> support with changes | F53: =AND(C53=D53,D53=E53) -> FALSE | G53: =IF(F53,B53=C53,"N/A") -> N/A | H53: =AND(F53,B53<>C53) -> FALSE | I53: =IF(F53,C53,"No consensus") -> No consensus | J53: =IF(H53,B53&" → "&I53,"") | P53: {=IFERROR(INDEX(_xlfn._xlws.SORT(_xlfn.UNIQUE(_xlfn._xlws.FILTER($B$2:$B$5000,$B$2:$B$5000<>"")),1,1),ROW()-41),"")} | Q53: =IF(P53="","",COUNTIF($B$2:$B$5000,P53)) | R53: {=IF(P53="","",SUMPRODUCT((OFFSET($B$2,0,0,$Q$2,1)=P53)*((OFFSET($B$2,0,0,$Q$2,1)=OFFSET($C$2,0,0,$Q$2,1))+(OFFSET($B$2,0,0,$Q$2,1)=OFFSET($D$2,0,0,$Q$2,1))+(OFFSET($B$2,0,0,$Q$2,1)=OFFSET($E$2,0,0,$Q$2,1))>=2)))} | S53: =IF(P53="","",R53/Q53) | T53: {=IF(P53="","",SUMPRODUCT((OFFSET($B$2,0,0,$Q$2,1)=P53)*(OFFSET($H$2,0,0,$Q$2,1)=TRUE)))}
... A56: ='Hand Coded'!A56 -> 2747 | B56: {=LOWER(TRIM(INDEX('Hand Coded'!A:G,ROW(),$W$11)))} -> support with changes | C56: {=IFERROR(LOWER(TRIM(INDEX('gemini-3.1-flash-lite-preview'!A:K,MATCH(A56,'gemini-3.1-flash-lite-preview'!A:A,0),$W$12))),"NOT FOUND")} -> support with changes | D56: {=IFERROR(LOWER(TRIM(INDEX('gpt-5.4-mini'!A:K,MATCH(A56,'gpt-5.4-mini'!A:A,0),$W$12))),"NOT FOUND")} -> support | E56: {=IFERROR(LOWER(TRIM(INDEX('claude-sonnet-4-6'!A:K,MATCH(A56,'claude-sonnet-4-6'!A:A,0),$W$12))),"NOT FOUND")} -> support with changes | F56: =AND(C56=D56,D56=E56) -> FALSE | G56: =IF(F56,B56=C56,"N/A") -> N/A | H56: =AND(F56,B56<>C56) -> FALSE | I56: =IF(F56,C56,"No consensus") -> No consensus | J56: =IF(H56,B56&" → "&I56,"") | P56: {=IFERROR(INDEX(_xlfn._xlws.SORT(_xlfn.UNIQUE(_xlfn._xlws.FILTER($B$2:$B$5000,$B$2:$B$5000<>"")),1,1),ROW()-41),"")} | Q56: =IF(P56="","",COUNTIF($B$2:$B$5000,P56)) | R56: {=IF(P56="","",SUMPRODUCT((OFFSET($B$2,0,0,$Q$2,1)=P56)*((OFFSET($B$2,0,0,$Q$2,1)=OFFSET($C$2,0,0,$Q$2,1))+(OFFSET($B$2,0,0,$Q$2,1)=OFFSET($D$2,0,0,$Q$2,1))+(OFFSET($B$2,0,0,$Q$2,1)=OFFSET($E$2,0,0,$Q$2,1))>=2)))} | S56: =IF(P56="","",R56/Q56) | T56: {=IF(P56="","",SUMPRODUCT((OFFSET($B$2,0,0,$Q$2,1)=P56)*(OFFSET($H$2,0,0,$Q$2,1)=TRUE)))}
A57: ='Hand Coded'!A57 -> 2782 | B57: {=LOWER(TRIM(INDEX('Hand Coded'!A:G,ROW(),$W$11)))} -> support | C57: {=IFERROR(LOWER(TRIM(INDEX('gemini-3.1-flash-lite-preview'!A:K,MATCH(A57,'gemini-3.1-flash-lite-preview'!A:A,0),$W$12))),"NOT FOUND")} -> support | D57: {=IFERROR(LOWER(TRIM(INDEX('gpt-5.4-mini'!A:K,MATCH(A57,'gpt-5.4-mini'!A:A,0),$W$12))),"NOT FOUND")} -> oppose | E57: {=IFERROR(LOWER(TRIM(INDEX('claude-sonnet-4-6'!A:K,MATCH(A57,'claude-sonnet-4-6'!A:A,0),$W$12))),"NOT FOUND")} -> support | F57: =AND(C57=D57,D57=E57) -> FALSE | G57: =IF(F57,B57=C57,"N/A") -> N/A | H57: =AND(F57,B57<>C57) -> FALSE | I57: =IF(F57,C57,"No consensus") -> No consensus | J57: =IF(H57,B57&" → "&I57,"")
A58: ='Hand Coded'!A58 -> 2814 | B58: {=LOWER(TRIM(INDEX('Hand Coded'!A:G,ROW(),$W$11)))} -> neutral | C58: {=IFERROR(LOWER(TRIM(INDEX('gemini-3.1-flash-lite-preview'!A:K,MATCH(A58,'gemini-3.1-flash-lite-preview'!A:A,0),$W$12))),"NOT FOUND")} -> neutral | D58: {=IFERROR(LOWER(TRIM(INDEX('gpt-5.4-mini'!A:K,MATCH(A58,'gpt-5.4-mini'!A:A,0),$W$12))),"NOT FOUND")} -> neutral | E58: {=IFERROR(LOWER(TRIM(INDEX('claude-sonnet-4-6'!A:K,MATCH(A58,'claude-sonnet-4-6'!A:A,0),$W$12))),"NOT FOUND")} -> neutral | F58: =AND(C58=D58,D58=E58) -> TRUE | G58: =IF(F58,B58=C58,"N/A") -> TRUE | H58: =AND(F58,B58<>C58) -> FALSE | I58: =IF(F58,C58,"No consensus") -> neutral | J58: =IF(H58,B58&" → "&I58,"")
A59: ='Hand Coded'!A59 -> 2838 | B59: {=LOWER(TRIM(INDEX('Hand Coded'!A:G,ROW(),$W$11)))} -> support with changes | C59: {=IFERROR(LOWER(TRIM(INDEX('gemini-3.1-flash-lite-preview'!A:K,MATCH(A59,'gemini-3.1-flash-lite-preview'!A:A,0),$W$12))),"NOT FOUND")} -> support with changes | D59: {=IFERROR(LOWER(TRIM(INDEX('gpt-5.4-mini'!A:K,MATCH(A59,'gpt-5.4-mini'!A:A,0),$W$12))),"NOT FOUND")} -> support with changes | E59: {=IFERROR(LOWER(TRIM(INDEX('claude-sonnet-4-6'!A:K,MATCH(A59,'claude-sonnet-4-6'!A:A,0),$W$12))),"NOT FOUND")} -> support with changes | F59: =AND(C59=D59,D59=E59) -> TRUE | G59: =IF(F59,B59=C59,"N/A") -> TRUE | H59: =AND(F59,B59<>C59) -> FALSE | I59: =IF(F59,C59,"No consensus") -> support with changes | J59: =IF(H59,B59&" → "&I59,"")
A60: ='Hand Coded'!A60 -> 2889 | B60: {=LOWER(TRIM(INDEX('Hand Coded'!A:G,ROW(),$W$11)))} -> support | C60: {=IFERROR(LOWER(TRIM(INDEX('gemini-3.1-flash-lite-preview'!A:K,MATCH(A60,'gemini-3.1-flash-lite-preview'!A:A,0),$W$12))),"NOT FOUND")} -> support | D60: {=IFERROR(LOWER(TRIM(INDEX('gpt-5.4-mini'!A:K,MATCH(A60,'gpt-5.4-mini'!A:A,0),$W$12))),"NOT FOUND")} -> support | E60: {=IFERROR(LOWER(TRIM(INDEX('claude-sonnet-4-6'!A:K,MATCH(A60,'claude-sonnet-4-6'!A:A,0),$W$12))),"NOT FOUND")} -> support | F60: =AND(C60=D60,D60=E60) -> TRUE | G60: =IF(F60,B60=C60,"N/A") -> TRUE | H60: =AND(F60,B60<>C60) -> FALSE | I60: =IF(F60,C60,"No consensus") -> support | J60: =IF(H60,B60&" → "&I60,"")
A61: ='Hand Coded'!A61 -> 2910 | B61: {=LOWER(TRIM(INDEX('Hand Coded'!A:G,ROW(),$W$11)))} -> oppose | C61: {=IFERROR(LOWER(TRIM(INDEX('gemini-3.1-flash-lite-preview'!A:K,MATCH(A61,'gemini-3.1-flash-lite-preview'!A:A,0),$W$12))),"NOT FOUND")} -> oppose | D61: {=IFERROR(LOWER(TRIM(INDEX('gpt-5.4-mini'!A:K,MATCH(A61,'gpt-5.4-mini'!A:A,0),$W$12))),"NOT FOUND")} -> oppose | E61: {=IFERROR(LOWER(TRIM(INDEX('claude-sonnet-4-6'!A:K,MATCH(A61,'claude-sonnet-4-6'!A:A,0),$W$12))),"NOT FOUND")} -> oppose | F61: =AND(C61=D61,D61=E61) -> TRUE | G61: =IF(F61,B61=C61,"N/A") -> TRUE | H61: =AND(F61,B61<>C61) -> FALSE | I61: =IF(F61,C61,"No consensus") -> oppose | J61: =IF(H61,B61&" → "&I61,"")
A62: ='Hand Coded'!A62 -> 2911 | B62: {=LOWER(TRIM(INDEX('Hand Coded'!A:G,ROW(),$W$11)))} -> support | C62: {=IFERROR(LOWER(TRIM(INDEX('gemini-3.1-flash-lite-preview'!A:K,MATCH(A62,'gemini-3.1-flash-lite-preview'!A:A,0),$W$12))),"NOT FOUND")} -> support with changes | D62: {=IFERROR(LOWER(TRIM(INDEX('gpt-5.4-mini'!A:K,MATCH(A62,'gpt-5.4-mini'!A:A,0),$W$12))),"NOT FOUND")} -> support with changes | E62: {=IFERROR(LOWER(TRIM(INDEX('claude-sonnet-4-6'!A:K,MATCH(A62,'claude-sonnet-4-6'!A:A,0),$W$12))),"NOT FOUND")} -> support with changes | F62: =AND(C62=D62,D62=E62) -> TRUE | G62: =IF(F62,B62=C62,"N/A") -> FALSE | H62: =AND(F62,B62<>C62) -> TRUE | I62: =IF(F62,C62,"No consensus") -> support with changes | J62: =IF(H62,B62&" → "&I62,"") -> support → support with changes
A63: ='Hand Coded'!A63 -> 2917 | B63: {=LOWER(TRIM(INDEX('Hand Coded'!A:G,ROW(),$W$11)))} -> support | C63: {=IFERROR(LOWER(TRIM(INDEX('gemini-3.1-flash-lite-preview'!A:K,MATCH(A63,'gemini-3.1-flash-lite-preview'!A:A,0),$W$12))),"NOT FOUND")} -> support with changes | D63: {=IFERROR(LOWER(TRIM(INDEX('gpt-5.4-mini'!A:K,MATCH(A63,'gpt-5.4-mini'!A:A,0),$W$12))),"NOT FOUND")} -> support with changes | E63: {=IFERROR(LOWER(TRIM(INDEX('claude-sonnet-4-6'!A:K,MATCH(A63,'claude-sonnet-4-6'!A:A,0),$W$12))),"NOT FOUND")} -> support | F63: =AND(C63=D63,D63=E63) -> FALSE | G63: =IF(F63,B63=C63,"N/A") -> N/A | H63: =AND(F63,B63<>C63) -> FALSE | I63: =IF(F63,C63,"No consensus") -> No consensus | J63: =IF(H63,B63&" → "&I63,"")
A64: ='Hand Coded'!A64 -> 2920 | B64: {=LOWER(TRIM(INDEX('Hand Coded'!A:G,ROW(),$W$11)))} -> support | C64: {=IFERROR(LOWER(TRIM(INDEX('gemini-3.1-flash-lite-preview'!A:K,MATCH(A64,'gemini-3.1-flash-lite-preview'!A:A,0),$W$12))),"NOT FOUND")} -> support | D64: {=IFERROR(LOWER(TRIM(INDEX('gpt-5.4-mini'!A:K,MATCH(A64,'gpt-5.4-mini'!A:A,0),$W$12))),"NOT FOUND")} -> support | E64: {=IFERROR(LOWER(TRIM(INDEX('claude-sonnet-4-6'!A:K,MATCH(A64,'claude-sonnet-4-6'!A:A,0),$W$12))),"NOT FOUND")} -> support | F64: =AND(C64=D64,D64=E64) -> TRUE | G64: =IF(F64,B64=C64,"N/A") -> TRUE | H64: =AND(F64,B64<>C64) -> FALSE | I64: =IF(F64,C64,"No consensus") -> support | J64: =IF(H64,B64&" → "&I64,"")
A65: ='Hand Coded'!A65 -> 2931 | B65: {=LOWER(TRIM(INDEX('Hand Coded'!A:G,ROW(),$W$11)))} -> support | C65: {=IFERROR(LOWER(TRIM(INDEX('gemini-3.1-flash-lite-preview'!A:K,MATCH(A65,'gemini-3.1-flash-lite-preview'!A:A,0),$W$12))),"NOT FOUND")} -> support | D65: {=IFERROR(LOWER(TRIM(INDEX('gpt-5.4-mini'!A:K,MATCH(A65,'gpt-5.4-mini'!A:A,0),$W$12))),"NOT FOUND")} -> support with changes | E65: {=IFERROR(LOWER(TRIM(INDEX('claude-sonnet-4-6'!A:K,MATCH(A65,'claude-sonnet-4-6'!A:A,0),$W$12))),"NOT FOUND")} -> support | F65: =AND(C65=D65,D65=E65) -> FALSE | G65: =IF(F65,B65=C65,"N/A") -> N/A | H65: =AND(F65,B65<>C65) -> FALSE | I65: =IF(F65,C65,"No consensus") -> No consensus | J65: =IF(H65,B65&" → "&I65,"")
A66: ='Hand Coded'!A66 -> 2937 | B66: {=LOWER(TRIM(INDEX('Hand Coded'!A:G,ROW(),$W$11)))} -> support | C66: {=IFERROR(LOWER(TRIM(INDEX('gemini-3.1-flash-lite-preview'!A:K,MATCH(A66,'gemini-3.1-flash-lite-preview'!A:A,0),$W$12))),"NOT FOUND")} -> support | D66: {=IFERROR(LOWER(TRIM(INDEX('gpt-5.4-mini'!A:K,MATCH(A66,'gpt-5.4-mini'!A:A,0),$W$12))),"NOT FOUND")} -> support | E66: {=IFERROR(LOWER(TRIM(INDEX('claude-sonnet-4-6'!A:K,MATCH(A66,'claude-sonnet-4-6'!A:A,0),$W$12))),"NOT FOUND")} -> support | F66: =AND(C66=D66,D66=E66) -> TRUE | G66: =IF(F66,B66=C66,"N/A") -> TRUE | H66: =AND(F66,B66<>C66) -> FALSE | I66: =IF(F66,C66,"No consensus") -> support | J66: =IF(H66,B66&" → "&I66,"")
A67: ='Hand Coded'!A67 -> 2941 | B67: {=LOWER(TRIM(INDEX('Hand Coded'!A:G,ROW(),$W$11)))} -> support | C67: {=IFERROR(LOWER(TRIM(INDEX('gemini-3.1-flash-lite-preview'!A:K,MATCH(A67,'gemini-3.1-flash-lite-preview'!A:A,0),$W$12))),"NOT FOUND")} -> support with changes | D67: {=IFERROR(LOWER(TRIM(INDEX('gpt-5.4-mini'!A:K,MATCH(A67,'gpt-5.4-mini'!A:A,0),$W$12))),"NOT FOUND")} -> support with changes | E67: {=IFERROR(LOWER(TRIM(INDEX('claude-sonnet-4-6'!A:K,MATCH(A67,'claude-sonnet-4-6'!A:A,0),$W$12))),"NOT FOUND")} -> support with changes | F67: =AND(C67=D67,D67=E67) -> TRUE | G67: =IF(F67,B67=C67,"N/A") -> FALSE | H67: =AND(F67,B67<>C67) -> TRUE | I67: =IF(F67,C67,"No consensus") -> support with changes | J67: =IF(H67,B67&" → "&I67,"") -> support → support with changes
A68: ='Hand Coded'!A68 -> 2967 | B68: {=LOWER(TRIM(INDEX('Hand Coded'!A:G,ROW(),$W$11)))} -> neutral | C68: {=IFERROR(LOWER(TRIM(INDEX('gemini-3.1-flash-lite-preview'!A:K,MATCH(A68,'gemini-3.1-flash-lite-preview'!A:A,0),$W$12))),"NOT FOUND")} -> neutral | D68: {=IFERROR(LOWER(TRIM(INDEX('gpt-5.4-mini'!A:K,MATCH(A68,'gpt-5.4-mini'!A:A,0),$W$12))),"NOT FOUND")} -> neutral | E68: {=IFERROR(LOWER(TRIM(INDEX('claude-sonnet-4-6'!A:K,MATCH(A68,'claude-sonnet-4-6'!A:A,0),$W$12))),"NOT FOUND")} -> support with changes | F68: =AND(C68=D68,D68=E68) -> FALSE | G68: =IF(F68,B68=C68,"N/A") -> N/A | H68: =AND(F68,B68<>C68) -> FALSE | I68: =IF(F68,C68,"No consensus") -> No consensus | J68: =IF(H68,B68&" → "&I68,"")
... A73: ='Hand Coded'!A73 -> 3227 | B73: {=LOWER(TRIM(INDEX('Hand Coded'!A:G,ROW(),$W$11)))} -> support with changes | C73: {=IFERROR(LOWER(TRIM(INDEX('gemini-3.1-flash-lite-preview'!A:K,MATCH(A73,'gemini-3.1-flash-lite-preview'!A:A,0),$W$12))),"NOT FOUND")} -> support with changes | D73: {=IFERROR(LOWER(TRIM(INDEX('gpt-5.4-mini'!A:K,MATCH(A73,'gpt-5.4-mini'!A:A,0),$W$12))),"NOT FOUND")} -> support with changes | E73: {=IFERROR(LOWER(TRIM(INDEX('claude-sonnet-4-6'!A:K,MATCH(A73,'claude-sonnet-4-6'!A:A,0),$W$12))),"NOT FOUND")} -> support with changes | F73: =AND(C73=D73,D73=E73) -> TRUE | G73: =IF(F73,B73=C73,"N/A") -> TRUE | H73: =AND(F73,B73<>C73) -> FALSE | I73: =IF(F73,C73,"No consensus") -> support with changes | J73: =IF(H73,B73&" → "&I73,"")
A74: ='Hand Coded'!A74 -> 3253 | B74: {=LOWER(TRIM(INDEX('Hand Coded'!A:G,ROW(),$W$11)))} -> oppose | C74: {=IFERROR(LOWER(TRIM(INDEX('gemini-3.1-flash-lite-preview'!A:K,MATCH(A74,'gemini-3.1-flash-lite-preview'!A:A,0),$W$12))),"NOT FOUND")} -> oppose | D74: {=IFERROR(LOWER(TRIM(INDEX('gpt-5.4-mini'!A:K,MATCH(A74,'gpt-5.4-mini'!A:A,0),$W$12))),"NOT FOUND")} -> oppose | E74: {=IFERROR(LOWER(TRIM(INDEX('claude-sonnet-4-6'!A:K,MATCH(A74,'claude-sonnet-4-6'!A:A,0),$W$12))),"NOT FOUND")} -> oppose | F74: =AND(C74=D74,D74=E74) -> TRUE | G74: =IF(F74,B74=C74,"N/A") -> TRUE | H74: =AND(F74,B74<>C74) -> FALSE | I74: =IF(F74,C74,"No consensus") -> oppose | J74: =IF(H74,B74&" → "&I74,"") | P74: OVERALL MODEL AGREEMENT RATES
A75: ='Hand Coded'!A75 -> 3273 | B75: {=LOWER(TRIM(INDEX('Hand Coded'!A:G,ROW(),$W$11)))} -> support | C75: {=IFERROR(LOWER(TRIM(INDEX('gemini-3.1-flash-lite-preview'!A:K,MATCH(A75,'gemini-3.1-flash-lite-preview'!A:A,0),$W$12))),"NOT FOUND")} -> support | D75: {=IFERROR(LOWER(TRIM(INDEX('gpt-5.4-mini'!A:K,MATCH(A75,'gpt-5.4-mini'!A:A,0),$W$12))),"NOT FOUND")} -> support | E75: {=IFERROR(LOWER(TRIM(INDEX('claude-sonnet-4-6'!A:K,MATCH(A75,'claude-sonnet-4-6'!A:A,0),$W$12))),"NOT FOUND")} -> support | F75: =AND(C75=D75,D75=E75) -> TRUE | G75: =IF(F75,B75=C75,"N/A") -> TRUE | H75: =AND(F75,B75<>C75) -> FALSE | I75: =IF(F75,C75,"No consensus") -> support | J75: =IF(H75,B75&" → "&I75,"") | P75: Model | Q75: Agrees with Hand | R75: Agreement %
A76: ='Hand Coded'!A76 -> 3279 | B76: {=LOWER(TRIM(INDEX('Hand Coded'!A:G,ROW(),$W$11)))} -> support | C76: {=IFERROR(LOWER(TRIM(INDEX('gemini-3.1-flash-lite-preview'!A:K,MATCH(A76,'gemini-3.1-flash-lite-preview'!A:A,0),$W$12))),"NOT FOUND")} -> support | D76: {=IFERROR(LOWER(TRIM(INDEX('gpt-5.4-mini'!A:K,MATCH(A76,'gpt-5.4-mini'!A:A,0),$W$12))),"NOT FOUND")} -> support | E76: {=IFERROR(LOWER(TRIM(INDEX('claude-sonnet-4-6'!A:K,MATCH(A76,'claude-sonnet-4-6'!A:A,0),$W$12))),"NOT FOUND")} -> support | F76: =AND(C76=D76,D76=E76) -> TRUE | G76: =IF(F76,B76=C76,"N/A") -> TRUE | H76: =AND(F76,B76<>C76) -> FALSE | I76: =IF(F76,C76,"No consensus") -> support | J76: =IF(H76,B76&" → "&I76,"") | P76: Gemini | Q76: {=SUMPRODUCT((OFFSET($B$2,0,0,$Q$2,1)=OFFSET($C$2,0,0,$Q$2,1))*1)} -> 196 | R76: =Q76/$Q$2 -> 0.83760684
A77: ='Hand Coded'!A77 -> 3280 | B77: {=LOWER(TRIM(INDEX('Hand Coded'!A:G,ROW(),$W$11)))} -> support | C77: {=IFERROR(LOWER(TRIM(INDEX('gemini-3.1-flash-lite-preview'!A:K,MATCH(A77,'gemini-3.1-flash-lite-preview'!A:A,0),$W$12))),"NOT FOUND")} -> support | D77: {=IFERROR(LOWER(TRIM(INDEX('gpt-5.4-mini'!A:K,MATCH(A77,'gpt-5.4-mini'!A:A,0),$W$12))),"NOT FOUND")} -> support | E77: {=IFERROR(LOWER(TRIM(INDEX('claude-sonnet-4-6'!A:K,MATCH(A77,'claude-sonnet-4-6'!A:A,0),$W$12))),"NOT FOUND")} -> support | F77: =AND(C77=D77,D77=E77) -> TRUE | G77: =IF(F77,B77=C77,"N/A") -> TRUE | H77: =AND(F77,B77<>C77) -> FALSE | I77: =IF(F77,C77,"No consensus") -> support | J77: =IF(H77,B77&" → "&I77,"") | P77: GPT | Q77: {=SUMPRODUCT((OFFSET($B$2,0,0,$Q$2,1)=OFFSET($D$2,0,0,$Q$2,1))*1)} -> 190 | R77: =Q77/$Q$2 -> 0.81196581
A78: ='Hand Coded'!A78 -> 3329 | B78: {=LOWER(TRIM(INDEX('Hand Coded'!A:G,ROW(),$W$11)))} -> neutral | C78: {=IFERROR(LOWER(TRIM(INDEX('gemini-3.1-flash-lite-preview'!A:K,MATCH(A78,'gemini-3.1-flash-lite-preview'!A:A,0),$W$12))),"NOT FOUND")} -> neutral | D78: {=IFERROR(LOWER(TRIM(INDEX('gpt-5.4-mini'!A:K,MATCH(A78,'gpt-5.4-mini'!A:A,0),$W$12))),"NOT FOUND")} -> neutral | E78: {=IFERROR(LOWER(TRIM(INDEX('claude-sonnet-4-6'!A:K,MATCH(A78,'claude-sonnet-4-6'!A:A,0),$W$12))),"NOT FOUND")} -> neutral | F78: =AND(C78=D78,D78=E78) -> TRUE | G78: =IF(F78,B78=C78,"N/A") -> TRUE | H78: =AND(F78,B78<>C78) -> FALSE | I78: =IF(F78,C78,"No consensus") -> neutral | J78: =IF(H78,B78&" → "&I78,"") | P78: Claude | Q78: {=SUMPRODUCT((OFFSET($B$2,0,0,$Q$2,1)=OFFSET($E$2,0,0,$Q$2,1))*1)} -> 197 | R78: =Q78/$Q$2 -> 0.84188034
A79: ='Hand Coded'!A79 -> 3333 | B79: {=LOWER(TRIM(INDEX('Hand Coded'!A:G,ROW(),$W$11)))} -> neutral | C79: {=IFERROR(LOWER(TRIM(INDEX('gemini-3.1-flash-lite-preview'!A:K,MATCH(A79,'gemini-3.1-flash-lite-preview'!A:A,0),$W$12))),"NOT FOUND")} -> neutral | D79: {=IFERROR(LOWER(TRIM(INDEX('gpt-5.4-mini'!A:K,MATCH(A79,'gpt-5.4-mini'!A:A,0),$W$12))),"NOT FOUND")} -> neutral | E79: {=IFERROR(LOWER(TRIM(INDEX('claude-sonnet-4-6'!A:K,MATCH(A79,'claude-sonnet-4-6'!A:A,0),$W$12))),"NOT FOUND")} -> neutral | F79: =AND(C79=D79,D79=E79) -> TRUE | G79: =IF(F79,B79=C79,"N/A") -> TRUE | H79: =AND(F79,B79<>C79) -> FALSE | I79: =IF(F79,C79,"No consensus") -> neutral | J79: =IF(H79,B79&" → "&I79,"")
A80: ='Hand Coded'!A80 -> 3346 | B80: {=LOWER(TRIM(INDEX('Hand Coded'!A:G,ROW(),$W$11)))} -> support with changes | C80: {=IFERROR(LOWER(TRIM(INDEX('gemini-3.1-flash-lite-preview'!A:K,MATCH(A80,'gemini-3.1-flash-lite-preview'!A:A,0),$W$12))),"NOT FOUND")} -> support with changes | D80: {=IFERROR(LOWER(TRIM(INDEX('gpt-5.4-mini'!A:K,MATCH(A80,'gpt-5.4-mini'!A:A,0),$W$12))),"NOT FOUND")} -> support with changes | E80: {=IFERROR(LOWER(TRIM(INDEX('claude-sonnet-4-6'!A:K,MATCH(A80,'claude-sonnet-4-6'!A:A,0),$W$12))),"NOT FOUND")} -> support with changes | F80: =AND(C80=D80,D80=E80) -> TRUE | G80: =IF(F80,B80=C80,"N/A") -> TRUE | H80: =AND(F80,B80<>C80) -> FALSE | I80: =IF(F80,C80,"No consensus") -> support with changes | J80: =IF(H80,B80&" → "&I80,"")
A81: ='Hand Coded'!A81 -> 3377 | B81: {=LOWER(TRIM(INDEX('Hand Coded'!A:G,ROW(),$W$11)))} -> oppose | C81: {=IFERROR(LOWER(TRIM(INDEX('gemini-3.1-flash-lite-preview'!A:K,MATCH(A81,'gemini-3.1-flash-lite-preview'!A:A,0),$W$12))),"NOT FOUND")} -> oppose | D81: {=IFERROR(LOWER(TRIM(INDEX('gpt-5.4-mini'!A:K,MATCH(A81,'gpt-5.4-mini'!A:A,0),$W$12))),"NOT FOUND")} -> oppose | E81: {=IFERROR(LOWER(TRIM(INDEX('claude-sonnet-4-6'!A:K,MATCH(A81,'claude-sonnet-4-6'!A:A,0),$W$12))),"NOT FOUND")} -> oppose | F81: =AND(C81=D81,D81=E81) -> TRUE | G81: =IF(F81,B81=C81,"N/A") -> TRUE | H81: =AND(F81,B81<>C81) -> FALSE | I81: =IF(F81,C81,"No consensus") -> oppose | J81: =IF(H81,B81&" → "&I81,"")
A82: ='Hand Coded'!A82 -> 3504 | B82: {=LOWER(TRIM(INDEX('Hand Coded'!A:G,ROW(),$W$11)))} -> support | C82: {=IFERROR(LOWER(TRIM(INDEX('gemini-3.1-flash-lite-preview'!A:K,MATCH(A82,'gemini-3.1-flash-lite-preview'!A:A,0),$W$12))),"NOT FOUND")} -> support | D82: {=IFERROR(LOWER(TRIM(INDEX('gpt-5.4-mini'!A:K,MATCH(A82,'gpt-5.4-mini'!A:A,0),$W$12))),"NOT FOUND")} -> support | E82: {=IFERROR(LOWER(TRIM(INDEX('claude-sonnet-4-6'!A:K,MATCH(A82,'claude-sonnet-4-6'!A:A,0),$W$12))),"NOT FOUND")} -> support | F82: =AND(C82=D82,D82=E82) -> TRUE | G82: =IF(F82,B82=C82,"N/A") -> TRUE | H82: =AND(F82,B82<>C82) -> FALSE | I82: =IF(F82,C82,"No consensus") -> support | J82: =IF(H82,B82&" → "&I82,"")
A83: ='Hand Coded'!A83 -> 3570 | B83: {=LOWER(TRIM(INDEX('Hand Coded'!A:G,ROW(),$W$11)))} -> neutral | C83: {=IFERROR(LOWER(TRIM(INDEX('gemini-3.1-flash-lite-preview'!A:K,MATCH(A83,'gemini-3.1-flash-lite-preview'!A:A,0),$W$12))),"NOT FOUND")} -> neutral | D83: {=IFERROR(LOWER(TRIM(INDEX('gpt-5.4-mini'!A:K,MATCH(A83,'gpt-5.4-mini'!A:A,0),$W$12))),"NOT FOUND")} -> neutral | E83: {=IFERROR(LOWER(TRIM(INDEX('claude-sonnet-4-6'!A:K,MATCH(A83,'claude-sonnet-4-6'!A:A,0),$W$12))),"NOT FOUND")} -> neutral | F83: =AND(C83=D83,D83=E83) -> TRUE | G83: =IF(F83,B83=C83,"N/A") -> TRUE | H83: =AND(F83,B83<>C83) -> FALSE | I83: =IF(F83,C83,"No consensus") -> neutral | J83: =IF(H83,B83&" → "&I83,"")
A84: ='Hand Coded'!A84 -> 3637 | B84: {=LOWER(TRIM(INDEX('Hand Coded'!A:G,ROW(),$W$11)))} -> support with changes | C84: {=IFERROR(LOWER(TRIM(INDEX('gemini-3.1-flash-lite-preview'!A:K,MATCH(A84,'gemini-3.1-flash-lite-preview'!A:A,0),$W$12))),"NOT FOUND")} -> oppose | D84: {=IFERROR(LOWER(TRIM(INDEX('gpt-5.4-mini'!A:K,MATCH(A84,'gpt-5.4-mini'!A:A,0),$W$12))),"NOT FOUND")} -> support with changes | E84: {=IFERROR(LOWER(TRIM(INDEX('claude-sonnet-4-6'!A:K,MATCH(A84,'claude-sonnet-4-6'!A:A,0),$W$12))),"NOT FOUND")} -> oppose | F84: =AND(C84=D84,D84=E84) -> FALSE | G84: =IF(F84,B84=C84,"N/A") -> N/A | H84: =AND(F84,B84<>C84) -> FALSE | I84: =IF(F84,C84,"No consensus") -> No consensus | J84: =IF(H84,B84&" → "&I84,"")
A85: ='Hand Coded'!A85 -> 3658 | B85: {=LOWER(TRIM(INDEX('Hand Coded'!A:G,ROW(),$W$11)))} -> oppose | C85: {=IFERROR(LOWER(TRIM(INDEX('gemini-3.1-flash-lite-preview'!A:K,MATCH(A85,'gemini-3.1-flash-lite-preview'!A:A,0),$W$12))),"NOT FOUND")} -> support with changes | D85: {=IFERROR(LOWER(TRIM(INDEX('gpt-5.4-mini'!A:K,MATCH(A85,'gpt-5.4-mini'!A:A,0),$W$12))),"NOT FOUND")} -> support with changes | E85: {=IFERROR(LOWER(TRIM(INDEX('claude-sonnet-4-6'!A:K,MATCH(A85,'claude-sonnet-4-6'!A:A,0),$W$12))),"NOT FOUND")} -> support with changes | F85: =AND(C85=D85,D85=E85) -> TRUE | G85: =IF(F85,B85=C85,"N/A") -> FALSE | H85: =AND(F85,B85<>C85) -> TRUE | I85: =IF(F85,C85,"No consensus") -> support with changes | J85: =IF(H85,B85&" → "&I85,"") -> oppose → support with changes
A86: ='Hand Coded'!A86 -> 3675 | B86: {=LOWER(TRIM(INDEX('Hand Coded'!A:G,ROW(),$W$11)))} -> support with changes | C86: {=IFERROR(LOWER(TRIM(INDEX('gemini-3.1-flash-lite-preview'!A:K,MATCH(A86,'gemini-3.1-flash-lite-preview'!A:A,0),$W$12))),"NOT FOUND")} -> support with changes | D86: {=IFERROR(LOWER(TRIM(INDEX('gpt-5.4-mini'!A:K,MATCH(A86,'gpt-5.4-mini'!A:A,0),$W$12))),"NOT FOUND")} -> support with changes | E86: {=IFERROR(LOWER(TRIM(INDEX('claude-sonnet-4-6'!A:K,MATCH(A86,'claude-sonnet-4-6'!A:A,0),$W$12))),"NOT FOUND")} -> support with changes | F86: =AND(C86=D86,D86=E86) -> TRUE | G86: =IF(F86,B86=C86,"N/A") -> TRUE | H86: =AND(F86,B86<>C86) -> FALSE | I86: =IF(F86,C86,"No consensus") -> support with changes | J86: =IF(H86,B86&" → "&I86,"")
A87: ='Hand Coded'!A87 -> 3683 | B87: {=LOWER(TRIM(INDEX('Hand Coded'!A:G,ROW(),$W$11)))} -> oppose | C87: {=IFERROR(LOWER(TRIM(INDEX('gemini-3.1-flash-lite-preview'!A:K,MATCH(A87,'gemini-3.1-flash-lite-preview'!A:A,0),$W$12))),"NOT FOUND")} -> oppose | D87: {=IFERROR(LOWER(TRIM(INDEX('gpt-5.4-mini'!A:K,MATCH(A87,'gpt-5.4-mini'!A:A,0),$W$12))),"NOT FOUND")} -> oppose | E87: {=IFERROR(LOWER(TRIM(INDEX('claude-sonnet-4-6'!A:K,MATCH(A87,'claude-sonnet-4-6'!A:A,0),$W$12))),"NOT FOUND")} -> oppose | F87: =AND(C87=D87,D87=E87) -> TRUE | G87: =IF(F87,B87=C87,"N/A") -> TRUE | H87: =AND(F87,B87<>C87) -> FALSE | I87: =IF(F87,C87,"No consensus") -> oppose | J87: =IF(H87,B87&" → "&I87,"")
A88: ='Hand Coded'!A88 -> 3747 | B88: {=LOWER(TRIM(INDEX('Hand Coded'!A:G,ROW(),$W$11)))} -> neutral | C88: {=IFERROR(LOWER(TRIM(INDEX('gemini-3.1-flash-lite-preview'!A:K,MATCH(A88,'gemini-3.1-flash-lite-preview'!A:A,0),$W$12))),"NOT FOUND")} -> neutral | D88: {=IFERROR(LOWER(TRIM(INDEX('gpt-5.4-mini'!A:K,MATCH(A88,'gpt-5.4-mini'!A:A,0),$W$12))),"NOT FOUND")} -> support with changes | E88: {=IFERROR(LOWER(TRIM(INDEX('claude-sonnet-4-6'!A:K,MATCH(A88,'claude-sonnet-4-6'!A:A,0),$W$12))),"NOT FOUND")} -> support with changes | F88: =AND(C88=D88,D88=E88) -> FALSE | G88: =IF(F88,B88=C88,"N/A") -> N/A | H88: =AND(F88,B88<>C88) -> FALSE | I88: =IF(F88,C88,"No consensus") -> No consensus | J88: =IF(H88,B88&" → "&I88,"")
A89: ='Hand Coded'!A89 -> 3810 | B89: {=LOWER(TRIM(INDEX('Hand Coded'!A:G,ROW(),$W$11)))} -> oppose | C89: {=IFERROR(LOWER(TRIM(INDEX('gemini-3.1-flash-lite-preview'!A:K,MATCH(A89,'gemini-3.1-flash-lite-preview'!A:A,0),$W$12))),"NOT FOUND")} -> oppose | D89: {=IFERROR(LOWER(TRIM(INDEX('gpt-5.4-mini'!A:K,MATCH(A89,'gpt-5.4-mini'!A:A,0),$W$12))),"NOT FOUND")} -> oppose | E89: {=IFERROR(LOWER(TRIM(INDEX('claude-sonnet-4-6'!A:K,MATCH(A89,'claude-sonnet-4-6'!A:A,0),$W$12))),"NOT FOUND")} -> oppose | F89: =AND(C89=D89,D89=E89) -> TRUE | G89: =IF(F89,B89=C89,"N/A") -> TRUE | H89: =AND(F89,B89<>C89) -> FALSE | I89: =IF(F89,C89,"No consensus") -> oppose | J89: =IF(H89,B89&" → "&I89,"")
A90: ='Hand Coded'!A90 -> 3857 | B90: {=LOWER(TRIM(INDEX('Hand Coded'!A:G,ROW(),$W$11)))} -> neutral | C90: {=IFERROR(LOWER(TRIM(INDEX('gemini-3.1-flash-lite-preview'!A:K,MATCH(A90,'gemini-3.1-flash-lite-preview'!A:A,0),$W$12))),"NOT FOUND")} -> neutral | D90: {=IFERROR(LOWER(TRIM(INDEX('gpt-5.4-mini'!A:K,MATCH(A90,'gpt-5.4-mini'!A:A,0),$W$12))),"NOT FOUND")} -> neutral | E90: {=IFERROR(LOWER(TRIM(INDEX('claude-sonnet-4-6'!A:K,MATCH(A90,'claude-sonnet-4-6'!A:A,0),$W$12))),"NOT FOUND")} -> neutral | F90: =AND(C90=D90,D90=E90) -> TRUE | G90: =IF(F90,B90=C90,"N/A") -> TRUE | H90: =AND(F90,B90<>C90) -> FALSE | I90: =IF(F90,C90,"No consensus") -> neutral | J90: =IF(H90,B90&" → "&I90,"")
... A235: ='Hand Coded'!A235 -> 9768 | B235: {=LOWER(TRIM(INDEX('Hand Coded'!A:G,ROW(),$W$11)))} -> oppose | C235: {=IFERROR(LOWER(TRIM(INDEX('gemini-3.1-flash-lite-preview'!A:K,MATCH(A235,'gemini-3.1-flash-lite-preview'!A:A,0),$W$12))),"NOT FOUND")} -> oppose | D235: {=IFERROR(LOWER(TRIM(INDEX('gpt-5.4-mini'!A:K,MATCH(A235,'gpt-5.4-mini'!A:A,0),$W$12))),"NOT FOUND")} -> oppose | E235: {=IFERROR(LOWER(TRIM(INDEX('claude-sonnet-4-6'!A:K,MATCH(A235,'claude-sonnet-4-6'!A:A,0),$W$12))),"NOT FOUND")} -> oppose | F235: =AND(C235=D235,D235=E235) -> TRUE | G235: =IF(F235,B235=C235,"N/A") -> TRUE | H235: =AND(F235,B235<>C235) -> FALSE | I235: =IF(F235,C235,"No consensus") -> oppose | J235: =IF(H235,B235&" → "&I235,"")

Sheet Feedback Theme
A1: gemini-3.1-flash-lite-preview
A2: Manually Identified Category | B2: Number Correct | C2: Total Manually Identified Entries | D2: Recall (%)
A3: climate_energy | B3: {=SUMPRODUCT(('Hand Coded'!C$2:C$10000=A3)*(LOWER('Hand Coded'!C$2:C$10000)=LOWER(IFERROR(INDEX('gemini-3.1-flash-lite-preview'!K:K,MATCH('Hand Coded'!A$2:A$10000,'gemini-3.1-flash-lite-preview'!A:A,0)),""))))} -> 0 | C3: =COUNTIF('Hand Coded'!C:C,A3) -> 1 | D3: =IF(C3=0,"",B3/C3) -> 0
A4: cost economics | B4: {=SUMPRODUCT(('Hand Coded'!C$2:C$10000=A4)*(LOWER('Hand Coded'!C$2:C$10000)=LOWER(IFERROR(INDEX('gemini-3.1-flash-lite-preview'!K:K,MATCH('Hand Coded'!A$2:A$10000,'gemini-3.1-flash-lite-preview'!A:A,0)),""))))} -> 0 | C4: =COUNTIF('Hand Coded'!C:C,A4) -> 0 | D4: =IF(C4=0,"",B4/C4)
A5: cultural_historic | B5: {=SUMPRODUCT(('Hand Coded'!C$2:C$10000=A5)*(LOWER('Hand Coded'!C$2:C$10000)=LOWER(IFERROR(INDEX('gemini-3.1-flash-lite-preview'!K:K,MATCH('Hand Coded'!A$2:A$10000,'gemini-3.1-flash-lite-preview'!A:A,0)),""))))} -> 2 | C5: =COUNTIF('Hand Coded'!C:C,A5) -> 4 | D5: =IF(C5=0,"",B5/C5) -> 0.5
A6: economics jobs | B6: {=SUMPRODUCT(('Hand Coded'!C$2:C$10000=A6)*(LOWER('Hand Coded'!C$2:C$10000)=LOWER(IFERROR(INDEX('gemini-3.1-flash-lite-preview'!K:K,MATCH('Hand Coded'!A$2:A$10000,'gemini-3.1-flash-lite-preview'!A:A,0)),""))))} -> 0 | C6: =COUNTIF('Hand Coded'!C:C,A6) -> 0 | D6: =IF(C6=0,"",B6/C6)
A7: economics_jobs | B7: {=SUMPRODUCT(('Hand Coded'!C$2:C$10000=A7)*(LOWER('Hand Coded'!C$2:C$10000)=LOWER(IFERROR(INDEX('gemini-3.1-flash-lite-preview'!K:K,MATCH('Hand Coded'!A$2:A$10000,'gemini-3.1-flash-lite-preview'!A:A,0)),""))))} -> 24 | C7: =COUNTIF('Hand Coded'!C:C,A7) -> 32 | D7: =IF(C7=0,"",B7/C7) -> 0.75
A8: electric_transmission | B8: {=SUMPRODUCT(('Hand Coded'!C$2:C$10000=A8)*(LOWER('Hand Coded'!C$2:C$10000)=LOWER(IFERROR(INDEX('gemini-3.1-flash-lite-preview'!K:K,MATCH('Hand Coded'!A$2:A$10000,'gemini-3.1-flash-lite-preview'!A:A,0)),""))))} -> 0 | C8: =COUNTIF('Hand Coded'!C:C,A8) -> 0 | D8: =IF(C8=0,"",B8/C8)
A9: environment pollution | B9: {=SUMPRODUCT(('Hand Coded'!C$2:C$10000=A9)*(LOWER('Hand Coded'!C$2:C$10000)=LOWER(IFERROR(INDEX('gemini-3.1-flash-lite-preview'!K:K,MATCH('Hand Coded'!A$2:A$10000,'gemini-3.1-flash-lite-preview'!A:A,0)),""))))} -> 0 | C9: =COUNTIF('Hand Coded'!C:C,A9) -> 0 | D9: =IF(C9=0,"",B9/C9)
A10: environment wildlife | B10: {=SUMPRODUCT(('Hand Coded'!C$2:C$10000=A10)*(LOWER('Hand Coded'!C$2:C$10000)=LOWER(IFERROR(INDEX('gemini-3.1-flash-lite-preview'!K:K,MATCH('Hand Coded'!A$2:A$10000,'gemini-3.1-flash-lite-preview'!A:A,0)),""))))} -> 0 | C10: =COUNTIF('Hand Coded'!C:C,A10) -> 0 | D10: =IF(C10=0,"",B10/C10)
A11: grid_reliability | B11: {=SUMPRODUCT(('Hand Coded'!C$2:C$10000=A11)*(LOWER('Hand Coded'!C$2:C$10000)=LOWER(IFERROR(INDEX('gemini-3.1-flash-lite-preview'!K:K,MATCH('Hand Coded'!A$2:A$10000,'gemini-3.1-flash-lite-preview'!A:A,0)),""))))} -> 0 | C11: =COUNTIF('Hand Coded'!C:C,A11) -> 19 | D11: =IF(C11=0,"",B11/C11) -> 0
A12: health_safety | B12: {=SUMPRODUCT(('Hand Coded'!C$2:C$10000=A12)*(LOWER('Hand Coded'!C$2:C$10000)=LOWER(IFERROR(INDEX('gemini-3.1-flash-lite-preview'!K:K,MATCH('Hand Coded'!A$2:A$10000,'gemini-3.1-flash-lite-preview'!A:A,0)),""))))} -> 0 | C12: =COUNTIF('Hand Coded'!C:C,A12) -> 0 | D12: =IF(C12=0,"",B12/C12)
A13: land use | B13: {=SUMPRODUCT(('Hand Coded'!C$2:C$10000=A13)*(LOWER('Hand Coded'!C$2:C$10000)=LOWER(IFERROR(INDEX('gemini-3.1-flash-lite-preview'!K:K,MATCH('Hand Coded'!A$2:A$10000,'gemini-3.1-flash-lite-preview'!A:A,0)),""))))} -> 0 | C13: =COUNTIF('Hand Coded'!C:C,A13) -> 0 | D13: =IF(C13=0,"",B13/C13)
A14: legal reglatory | B14: {=SUMPRODUCT(('Hand Coded'!C$2:C$10000=A14)*(LOWER('Hand Coded'!C$2:C$10000)=LOWER(IFERROR(INDEX('gemini-3.1-flash-lite-preview'!K:K,MATCH('Hand Coded'!A$2:A$10000,'gemini-3.1-flash-lite-preview'!A:A,0)),""))))} -> 0 | C14: =COUNTIF('Hand Coded'!C:C,A14) -> 4 | D14: =IF(C14=0,"",B14/C14) -> 0
... A26: wildlife_ecosystem | B26: {=SUMPRODUCT(('Hand Coded'!C$2:C$10000=A26)*(LOWER('Hand Coded'!C$2:C$10000)=LOWER(IFERROR(INDEX('gemini-3.1-flash-lite-preview'!K:K,MATCH('Hand Coded'!A$2:A$10000,'gemini-3.1-flash-lite-preview'!A:A,0)),""))))} -> 37 | C26: =COUNTIF('Hand Coded'!C:C,A26) -> 64 | D26: =IF(C26=0,"",B26/C26) -> 0.578125
A27: Total | B27: =SUM(B3:B26) -> 118 | C27: =SUM(C3:C26) -> 232 | D27: =IF(C27=0,"",B27/C27) -> 0.50862069
A29: gpt-5.4-mini
A30: Manually Identified Category | B30: Number Correct | C30: Total Manually Identified Entries | D30: Recall (%)
A31: climate_energy | B31: {=SUMPRODUCT(('Hand Coded'!C$2:C$10000=A31)*(LOWER('Hand Coded'!C$2:C$10000)=LOWER(IFERROR(INDEX('gpt-5.4-mini'!K:K,MATCH('Hand Coded'!A$2:A$10000,'gpt-5.4-mini'!A:A,0)),""))))} -> 0 | C31: =COUNTIF('Hand Coded'!C:C,A31) -> 1 | D31: =IF(C31=0,"",B31/C31) -> 0
A32: cost economics | B32: {=SUMPRODUCT(('Hand Coded'!C$2:C$10000=A32)*(LOWER('Hand Coded'!C$2:C$10000)=LOWER(IFERROR(INDEX('gpt-5.4-mini'!K:K,MATCH('Hand Coded'!A$2:A$10000,'gpt-5.4-mini'!A:A,0)),""))))} -> 0 | C32: =COUNTIF('Hand Coded'!C:C,A32) -> 0 | D32: =IF(C32=0,"",B32/C32)
A33: cultural_historic | B33: {=SUMPRODUCT(('Hand Coded'!C$2:C$10000=A33)*(LOWER('Hand Coded'!C$2:C$10000)=LOWER(IFERROR(INDEX('gpt-5.4-mini'!K:K,MATCH('Hand Coded'!A$2:A$10000,'gpt-5.4-mini'!A:A,0)),""))))} -> 2 | C33: =COUNTIF('Hand Coded'!C:C,A33) -> 4 | D33: =IF(C33=0,"",B33/C33) -> 0.5
A34: economics jobs | B34: {=SUMPRODUCT(('Hand Coded'!C$2:C$10000=A34)*(LOWER('Hand Coded'!C$2:C$10000)=LOWER(IFERROR(INDEX('gpt-5.4-mini'!K:K,MATCH('Hand Coded'!A$2:A$10000,'gpt-5.4-mini'!A:A,0)),""))))} -> 0 | C34: =COUNTIF('Hand Coded'!C:C,A34) -> 0 | D34: =IF(C34=0,"",B34/C34)
A35: economics_jobs | B35: {=SUMPRODUCT(('Hand Coded'!C$2:C$10000=A35)*(LOWER('Hand Coded'!C$2:C$10000)=LOWER(IFERROR(INDEX('gpt-5.4-mini'!K:K,MATCH('Hand Coded'!A$2:A$10000,'gpt-5.4-mini'!A:A,0)),""))))} -> 22 | C35: =COUNTIF('Hand Coded'!C:C,A35) -> 32 | D35: =IF(C35=0,"",B35/C35) -> 0.6875
A36: electric_transmission | B36: {=SUMPRODUCT(('Hand Coded'!C$2:C$10000=A36)*(LOWER('Hand Coded'!C$2:C$10000)=LOWER(IFERROR(INDEX('gpt-5.4-mini'!K:K,MATCH('Hand Coded'!A$2:A$10000,'gpt-5.4-mini'!A:A,0)),""))))} -> 0 | C36: =COUNTIF('Hand Coded'!C:C,A36) -> 0 | D36: =IF(C36=0,"",B36/C36)
A37: environment pollution | B37: {=SUMPRODUCT(('Hand Coded'!C$2:C$10000=A37)*(LOWER('Hand Coded'!C$2:C$10000)=LOWER(IFERROR(INDEX('gpt-5.4-mini'!K:K,MATCH('Hand Coded'!A$2:A$10000,'gpt-5.4-mini'!A:A,0)),""))))} -> 0 | C37: =COUNTIF('Hand Coded'!C:C,A37) -> 0 | D37: =IF(C37=0,"",B37/C37)
A38: environment wildlife | B38: {=SUMPRODUCT(('Hand Coded'!C$2:C$10000=A38)*(LOWER('Hand Coded'!C$2:C$10000)=LOWER(IFERROR(INDEX('gpt-5.4-mini'!K:K,MATCH('Hand Coded'!A$2:A$10000,'gpt-5.4-mini'!A:A,0)),""))))} -> 0 | C38: =COUNTIF('Hand Coded'!C:C,A38) -> 0 | D38: =IF(C38=0,"",B38/C38)
A39: grid_reliability | B39: {=SUMPRODUCT(('Hand Coded'!C$2:C$10000=A39)*(LOWER('Hand Coded'!C$2:C$10000)=LOWER(IFERROR(INDEX('gpt-5.4-mini'!K:K,MATCH('Hand Coded'!A$2:A$10000,'gpt-5.4-mini'!A:A,0)),""))))} -> 7 | C39: =COUNTIF('Hand Coded'!C:C,A39) -> 19 | D39: =IF(C39=0,"",B39/C39) -> 0.36842105
A40: health_safety | B40: {=SUMPRODUCT(('Hand Coded'!C$2:C$10000=A40)*(LOWER('Hand Coded'!C$2:C$10000)=LOWER(IFERROR(INDEX('gpt-5.4-mini'!K:K,MATCH('Hand Coded'!A$2:A$10000,'gpt-5.4-mini'!A:A,0)),""))))} -> 0 | C40: =COUNTIF('Hand Coded'!C:C,A40) -> 0 | D40: =IF(C40=0,"",B40/C40)
A41: land use | B41: {=SUMPRODUCT(('Hand Coded'!C$2:C$10000=A41)*(LOWER('Hand Coded'!C$2:C$10000)=LOWER(IFERROR(INDEX('gpt-5.4-mini'!K:K,MATCH('Hand Coded'!A$2:A$10000,'gpt-5.4-mini'!A:A,0)),""))))} -> 0 | C41: =COUNTIF('Hand Coded'!C:C,A41) -> 0 | D41: =IF(C41=0,"",B41/C41)
A42: legal reglatory | B42: {=SUMPRODUCT(('Hand Coded'!C$2:C$10000=A42)*(LOWER('Hand Coded'!C$2:C$10000)=LOWER(IFERROR(INDEX('gpt-5.4-mini'!K:K,MATCH('Hand Coded'!A$2:A$10000,'gpt-5.4-mini'!A:A,0)),""))))} -> 0 | C42: =COUNTIF('Hand Coded'!C:C,A42) -> 4 | D42: =IF(C42=0,"",B42/C42) -> 0
... A54: wildlife_ecosystem | B54: {=SUMPRODUCT(('Hand Coded'!C$2:C$10000=A54)*(LOWER('Hand Coded'!C$2:C$10000)=LOWER(IFERROR(INDEX('gpt-5.4-mini'!K:K,MATCH('Hand Coded'!A$2:A$10000,'gpt-5.4-mini'!A:A,0)),""))))} -> 34 | C54: =COUNTIF('Hand Coded'!C:C,A54) -> 64 | D54: =IF(C54=0,"",B54/C54) -> 0.53125
A55: Total | B55: =SUM(B31:B54) -> 119 | C55: =SUM(C31:C54) -> 232 | D55: =IF(C55=0,"",B55/C55) -> 0.51293103
A57: claude-sonnet-4-6
A58: Manually Identified Category | B58: Number Correct | C58: Total Manually Identified Entries | D58: Recall (%)
A59: climate_energy | B59: {=SUMPRODUCT(('Hand Coded'!C$2:C$10000=A59)*(LOWER('Hand Coded'!C$2:C$10000)=LOWER(IFERROR(INDEX('claude-sonnet-4-6'!K:K,MATCH('Hand Coded'!A$2:A$10000,'claude-sonnet-4-6'!A:A,0)),""))))} -> 0 | C59: =COUNTIF('Hand Coded'!C:C,A59) -> 1 | D59: =IF(C59=0,"",B59/C59) -> 0
A60: cost economics | B60: {=SUMPRODUCT(('Hand Coded'!C$2:C$10000=A60)*(LOWER('Hand Coded'!C$2:C$10000)=LOWER(IFERROR(INDEX('claude-sonnet-4-6'!K:K,MATCH('Hand Coded'!A$2:A$10000,'claude-sonnet-4-6'!A:A,0)),""))))} -> 0 | C60: =COUNTIF('Hand Coded'!C:C,A60) -> 0 | D60: =IF(C60=0,"",B60/C60)
A61: cultural_historic | B61: {=SUMPRODUCT(('Hand Coded'!C$2:C$10000=A61)*(LOWER('Hand Coded'!C$2:C$10000)=LOWER(IFERROR(INDEX('claude-sonnet-4-6'!K:K,MATCH('Hand Coded'!A$2:A$10000,'claude-sonnet-4-6'!A:A,0)),""))))} -> 4 | C61: =COUNTIF('Hand Coded'!C:C,A61) -> 4 | D61: =IF(C61=0,"",B61/C61) -> 1
A62: economics jobs | B62: {=SUMPRODUCT(('Hand Coded'!C$2:C$10000=A62)*(LOWER('Hand Coded'!C$2:C$10000)=LOWER(IFERROR(INDEX('claude-sonnet-4-6'!K:K,MATCH('Hand Coded'!A$2:A$10000,'claude-sonnet-4-6'!A:A,0)),""))))} -> 0 | C62: =COUNTIF('Hand Coded'!C:C,A62) -> 0 | D62: =IF(C62=0,"",B62/C62)
A63: economics_jobs | B63: {=SUMPRODUCT(('Hand Coded'!C$2:C$10000=A63)*(LOWER('Hand Coded'!C$2:C$10000)=LOWER(IFERROR(INDEX('claude-sonnet-4-6'!K:K,MATCH('Hand Coded'!A$2:A$10000,'claude-sonnet-4-6'!A:A,0)),""))))} -> 24 | C63: =COUNTIF('Hand Coded'!C:C,A63) -> 32 | D63: =IF(C63=0,"",B63/C63) -> 0.75
A64: electric_transmission | B64: {=SUMPRODUCT(('Hand Coded'!C$2:C$10000=A64)*(LOWER('Hand Coded'!C$2:C$10000)=LOWER(IFERROR(INDEX('claude-sonnet-4-6'!K:K,MATCH('Hand Coded'!A$2:A$10000,'claude-sonnet-4-6'!A:A,0)),""))))} -> 0 | C64: =COUNTIF('Hand Coded'!C:C,A64) -> 0 | D64: =IF(C64=0,"",B64/C64)
A65: environment pollution | B65: {=SUMPRODUCT(('Hand Coded'!C$2:C$10000=A65)*(LOWER('Hand Coded'!C$2:C$10000)=LOWER(IFERROR(INDEX('claude-sonnet-4-6'!K:K,MATCH('Hand Coded'!A$2:A$10000,'claude-sonnet-4-6'!A:A,0)),""))))} -> 0 | C65: =COUNTIF('Hand Coded'!C:C,A65) -> 0 | D65: =IF(C65=0,"",B65/C65)
A66: environment wildlife | B66: {=SUMPRODUCT(('Hand Coded'!C$2:C$10000=A66)*(LOWER('Hand Coded'!C$2:C$10000)=LOWER(IFERROR(INDEX('claude-sonnet-4-6'!K:K,MATCH('Hand Coded'!A$2:A$10000,'claude-sonnet-4-6'!A:A,0)),""))))} -> 0 | C66: =COUNTIF('Hand Coded'!C:C,A66) -> 0 | D66: =IF(C66=0,"",B66/C66)
A67: grid_reliability | B67: {=SUMPRODUCT(('Hand Coded'!C$2:C$10000=A67)*(LOWER('Hand Coded'!C$2:C$10000)=LOWER(IFERROR(INDEX('claude-sonnet-4-6'!K:K,MATCH('Hand Coded'!A$2:A$10000,'claude-sonnet-4-6'!A:A,0)),""))))} -> 9 | C67: =COUNTIF('Hand Coded'!C:C,A67) -> 19 | D67: =IF(C67=0,"",B67/C67) -> 0.47368421
A68: health_safety | B68: {=SUMPRODUCT(('Hand Coded'!C$2:C$10000=A68)*(LOWER('Hand Coded'!C$2:C$10000)=LOWER(IFERROR(INDEX('claude-sonnet-4-6'!K:K,MATCH('Hand Coded'!A$2:A$10000,'claude-sonnet-4-6'!A:A,0)),""))))} -> 0 | C68: =COUNTIF('Hand Coded'!C:C,A68) -> 0 | D68: =IF(C68=0,"",B68/C68)
A69: land use | B69: {=SUMPRODUCT(('Hand Coded'!C$2:C$10000=A69)*(LOWER('Hand Coded'!C$2:C$10000)=LOWER(IFERROR(INDEX('claude-sonnet-4-6'!K:K,MATCH('Hand Coded'!A$2:A$10000,'claude-sonnet-4-6'!A:A,0)),""))))} -> 0 | C69: =COUNTIF('Hand Coded'!C:C,A69) -> 0 | D69: =IF(C69=0,"",B69/C69)
A70: legal reglatory | B70: {=SUMPRODUCT(('Hand Coded'!C$2:C$10000=A70)*(LOWER('Hand Coded'!C$2:C$10000)=LOWER(IFERROR(INDEX('claude-sonnet-4-6'!K:K,MATCH('Hand Coded'!A$2:A$10000,'claude-sonnet-4-6'!A:A,0)),""))))} -> 0 | C70: =COUNTIF('Hand Coded'!C:C,A70) -> 4 | D70: =IF(C70=0,"",B70/C70) -> 0
... A82: wildlife_ecosystem | B82: {=SUMPRODUCT(('Hand Coded'!C$2:C$10000=A82)*(LOWER('Hand Coded'!C$2:C$10000)=LOWER(IFERROR(INDEX('claude-sonnet-4-6'!K:K,MATCH('Hand Coded'!A$2:A$10000,'claude-sonnet-4-6'!A:A,0)),""))))} -> 46 | C82: =COUNTIF('Hand Coded'!C:C,A82) -> 64 | D82: =IF(C82=0,"",B82/C82) -> 0.71875
A83: Total | B83: =SUM(B59:B82) -> 123 | C83: =SUM(C59:C82) -> 232 | D83: =IF(C83=0,"",B83/C83) -> 0.53017241

Sheet Project Type
A1: gemini-3.1-flash-lite-preview
A2: Manually Identified Category | B2: Number Correct | C2: Total Manually Identified Entries | D2: Recall (%)
A3: electric_transmission | B3: {=SUMPRODUCT(('Hand Coded'!D$2:D$10000=A3)*(LOWER('Hand Coded'!D$2:D$10000)=LOWER(IFERROR(INDEX('gemini-3.1-flash-lite-preview'!G:G,MATCH('Hand Coded'!A$2:A$10000,'gemini-3.1-flash-lite-preview'!A:A,0)),""))))} -> 0 | C3: =COUNTIF('Hand Coded'!D:D,A3) -> 2 | D3: =IF(C3=0,"",B3/C3) -> 0
A4: hydro | B4: {=SUMPRODUCT(('Hand Coded'!D$2:D$10000=A4)*(LOWER('Hand Coded'!D$2:D$10000)=LOWER(IFERROR(INDEX('gemini-3.1-flash-lite-preview'!G:G,MATCH('Hand Coded'!A$2:A$10000,'gemini-3.1-flash-lite-preview'!A:A,0)),""))))} -> 0 | C4: =COUNTIF('Hand Coded'!D:D,A4) -> 0 | D4: =IF(C4=0,"",B4/C4)
A5: hydropower | B5: {=SUMPRODUCT(('Hand Coded'!D$2:D$10000=A5)*(LOWER('Hand Coded'!D$2:D$10000)=LOWER(IFERROR(INDEX('gemini-3.1-flash-lite-preview'!G:G,MATCH('Hand Coded'!A$2:A$10000,'gemini-3.1-flash-lite-preview'!A:A,0)),""))))} -> 42 | C5: =COUNTIF('Hand Coded'!D:D,A5) -> 101 | D5: =IF(C5=0,"",B5/C5) -> 0.41584158
A6: lng_terminal | B6: {=SUMPRODUCT(('Hand Coded'!D$2:D$10000=A6)*(LOWER('Hand Coded'!D$2:D$10000)=LOWER(IFERROR(INDEX('gemini-3.1-flash-lite-preview'!G:G,MATCH('Hand Coded'!A$2:A$10000,'gemini-3.1-flash-lite-preview'!A:A,0)),""))))} -> 0 | C6: =COUNTIF('Hand Coded'!D:D,A6) -> 4 | D6: =IF(C6=0,"",B6/C6) -> 0
A7: market rate | B7: {=SUMPRODUCT(('Hand Coded'!D$2:D$10000=A7)*(LOWER('Hand Coded'!D$2:D$10000)=LOWER(IFERROR(INDEX('gemini-3.1-flash-lite-preview'!G:G,MATCH('Hand Coded'!A$2:A$10000,'gemini-3.1-flash-lite-preview'!A:A,0)),""))))} -> 0 | C7: =COUNTIF('Hand Coded'!D:D,A7) -> 0 | D7: =IF(C7=0,"",B7/C7)
A8: market_rate | B8: {=SUMPRODUCT(('Hand Coded'!D$2:D$10000=A8)*(LOWER('Hand Coded'!D$2:D$10000)=LOWER(IFERROR(INDEX('gemini-3.1-flash-lite-preview'!G:G,MATCH('Hand Coded'!A$2:A$10000,'gemini-3.1-flash-lite-preview'!A:A,0)),""))))} -> 0 | C8: =COUNTIF('Hand Coded'!D:D,A8) -> 5 | D8: =IF(C8=0,"",B8/C8) -> 0
A9: natural gas | B9: {=SUMPRODUCT(('Hand Coded'!D$2:D$10000=A9)*(LOWER('Hand Coded'!D$2:D$10000)=LOWER(IFERROR(INDEX('gemini-3.1-flash-lite-preview'!G:G,MATCH('Hand Coded'!A$2:A$10000,'gemini-3.1-flash-lite-preview'!A:A,0)),""))))} -> 0 | C9: =COUNTIF('Hand Coded'!D:D,A9) -> 0 | D9: =IF(C9=0,"",B9/C9)
A10: natural_gas_pipeline | B10: {=SUMPRODUCT(('Hand Coded'!D$2:D$10000=A10)*(LOWER('Hand Coded'!D$2:D$10000)=LOWER(IFERROR(INDEX('gemini-3.1-flash-lite-preview'!G:G,MATCH('Hand Coded'!A$2:A$10000,'gemini-3.1-flash-lite-preview'!A:A,0)),""))))} -> 24 | C10: =COUNTIF('Hand Coded'!D:D,A10) -> 77 | D10: =IF(C10=0,"",B10/C10) -> 0.31168831
A11: oil_pipeline | B11: {=SUMPRODUCT(('Hand Coded'!D$2:D$10000=A11)*(LOWER('Hand Coded'!D$2:D$10000)=LOWER(IFERROR(INDEX('gemini-3.1-flash-lite-preview'!G:G,MATCH('Hand Coded'!A$2:A$10000,'gemini-3.1-flash-lite-preview'!A:A,0)),""))))} -> 0 | C11: =COUNTIF('Hand Coded'!D:D,A11) -> 1 | D11: =IF(C11=0,"",B11/C11) -> 0
A12: other | B12: {=SUMPRODUCT(('Hand Coded'!D$2:D$10000=A12)*(LOWER('Hand Coded'!D$2:D$10000)=LOWER(IFERROR(INDEX('gemini-3.1-flash-lite-preview'!G:G,MATCH('Hand Coded'!A$2:A$10000,'gemini-3.1-flash-lite-preview'!A:A,0)),""))))} -> 0 | C12: =COUNTIF('Hand Coded'!D:D,A12) -> 3 | D12: =IF(C12=0,"",B12/C12) -> 0
A13: solar | B13: {=SUMPRODUCT(('Hand Coded'!D$2:D$10000=A13)*(LOWER('Hand Coded'!D$2:D$10000)=LOWER(IFERROR(INDEX('gemini-3.1-flash-lite-preview'!G:G,MATCH('Hand Coded'!A$2:A$10000,'gemini-3.1-flash-lite-preview'!A:A,0)),""))))} -> 0 | C13: =COUNTIF('Hand Coded'!D:D,A13) -> 2 | D13: =IF(C13=0,"",B13/C13) -> 0
A14: Unknown | B14: {=SUMPRODUCT(('Hand Coded'!D$2:D$10000=A14)*(LOWER('Hand Coded'!D$2:D$10000)=LOWER(IFERROR(INDEX('gemini-3.1-flash-lite-preview'!G:G,MATCH('Hand Coded'!A$2:A$10000,'gemini-3.1-flash-lite-preview'!A:A,0)),""))))} -> 0 | C14: =COUNTIF('Hand Coded'!D:D,A14) -> 11 | D14: =IF(C14=0,"",B14/C14) -> 0
A15: Total | B15: =SUM(B3:B14) -> 66 | C15: =SUM(C3:C14) -> 206 | D15: =IF(C15=0,"",B15/C15) -> 0.32038835
A17: gpt-5.4-mini
A18: Manually Identified Category | B18: Number Correct | C18: Total Manually Identified Entries | D18: Recall (%)
A19: electric_transmission | B19: {=SUMPRODUCT(('Hand Coded'!D$2:D$10000=A19)*(LOWER('Hand Coded'!D$2:D$10000)=LOWER(IFERROR(INDEX('gpt-5.4-mini'!G:G,MATCH('Hand Coded'!A$2:A$10000,'gpt-5.4-mini'!A:A,0)),""))))} -> 1 | C19: =COUNTIF('Hand Coded'!D:D,A19) -> 2 | D19: =IF(C19=0,"",B19/C19) -> 0.5
A20: hydro | B20: {=SUMPRODUCT(('Hand Coded'!D$2:D$10000=A20)*(LOWER('Hand Coded'!D$2:D$10000)=LOWER(IFERROR(INDEX('gpt-5.4-mini'!G:G,MATCH('Hand Coded'!A$2:A$10000,'gpt-5.4-mini'!A:A,0)),""))))} -> 0 | C20: =COUNTIF('Hand Coded'!D:D,A20) -> 0 | D20: =IF(C20=0,"",B20/C20)
A21: hydropower | B21: {=SUMPRODUCT(('Hand Coded'!D$2:D$10000=A21)*(LOWER('Hand Coded'!D$2:D$10000)=LOWER(IFERROR(INDEX('gpt-5.4-mini'!G:G,MATCH('Hand Coded'!A$2:A$10000,'gpt-5.4-mini'!A:A,0)),""))))} -> 40 | C21: =COUNTIF('Hand Coded'!D:D,A21) -> 101 | D21: =IF(C21=0,"",B21/C21) -> 0.3960396
A22: lng_terminal | B22: {=SUMPRODUCT(('Hand Coded'!D$2:D$10000=A22)*(LOWER('Hand Coded'!D$2:D$10000)=LOWER(IFERROR(INDEX('gpt-5.4-mini'!G:G,MATCH('Hand Coded'!A$2:A$10000,'gpt-5.4-mini'!A:A,0)),""))))} -> 0 | C22: =COUNTIF('Hand Coded'!D:D,A22) -> 4 | D22: =IF(C22=0,"",B22/C22) -> 0
A23: market rate | B23: {=SUMPRODUCT(('Hand Coded'!D$2:D$10000=A23)*(LOWER('Hand Coded'!D$2:D$10000)=LOWER(IFERROR(INDEX('gpt-5.4-mini'!G:G,MATCH('Hand Coded'!A$2:A$10000,'gpt-5.4-mini'!A:A,0)),""))))} -> 0 | C23: =COUNTIF('Hand Coded'!D:D,A23) -> 0 | D23: =IF(C23=0,"",B23/C23)
A24: market_rate | B24: {=SUMPRODUCT(('Hand Coded'!D$2:D$10000=A24)*(LOWER('Hand Coded'!D$2:D$10000)=LOWER(IFERROR(INDEX('gpt-5.4-mini'!G:G,MATCH('Hand Coded'!A$2:A$10000,'gpt-5.4-mini'!A:A,0)),""))))} -> 0 | C24: =COUNTIF('Hand Coded'!D:D,A24) -> 5 | D24: =IF(C24=0,"",B24/C24) -> 0
A25: natural gas | B25: {=SUMPRODUCT(('Hand Coded'!D$2:D$10000=A25)*(LOWER('Hand Coded'!D$2:D$10000)=LOWER(IFERROR(INDEX('gpt-5.4-mini'!G:G,MATCH('Hand Coded'!A$2:A$10000,'gpt-5.4-mini'!A:A,0)),""))))} -> 0 | C25: =COUNTIF('Hand Coded'!D:D,A25) -> 0 | D25: =IF(C25=0,"",B25/C25)
A26: natural_gas_pipeline | B26: {=SUMPRODUCT(('Hand Coded'!D$2:D$10000=A26)*(LOWER('Hand Coded'!D$2:D$10000)=LOWER(IFERROR(INDEX('gpt-5.4-mini'!G:G,MATCH('Hand Coded'!A$2:A$10000,'gpt-5.4-mini'!A:A,0)),""))))} -> 22 | C26: =COUNTIF('Hand Coded'!D:D,A26) -> 77 | D26: =IF(C26=0,"",B26/C26) -> 0.28571429
A27: oil_pipeline | B27: {=SUMPRODUCT(('Hand Coded'!D$2:D$10000=A27)*(LOWER('Hand Coded'!D$2:D$10000)=LOWER(IFERROR(INDEX('gpt-5.4-mini'!G:G,MATCH('Hand Coded'!A$2:A$10000,'gpt-5.4-mini'!A:A,0)),""))))} -> 0 | C27: =COUNTIF('Hand Coded'!D:D,A27) -> 1 | D27: =IF(C27=0,"",B27/C27) -> 0
A28: other | B28: {=SUMPRODUCT(('Hand Coded'!D$2:D$10000=A28)*(LOWER('Hand Coded'!D$2:D$10000)=LOWER(IFERROR(INDEX('gpt-5.4-mini'!G:G,MATCH('Hand Coded'!A$2:A$10000,'gpt-5.4-mini'!A:A,0)),""))))} -> 0 | C28: =COUNTIF('Hand Coded'!D:D,A28) -> 3 | D28: =IF(C28=0,"",B28/C28) -> 0
A29: solar | B29: {=SUMPRODUCT(('Hand Coded'!D$2:D$10000=A29)*(LOWER('Hand Coded'!D$2:D$10000)=LOWER(IFERROR(INDEX('gpt-5.4-mini'!G:G,MATCH('Hand Coded'!A$2:A$10000,'gpt-5.4-mini'!A:A,0)),""))))} -> 0 | C29: =COUNTIF('Hand Coded'!D:D,A29) -> 2 | D29: =IF(C29=0,"",B29/C29) -> 0
A30: Unknown | B30: {=SUMPRODUCT(('Hand Coded'!D$2:D$10000=A30)*(LOWER('Hand Coded'!D$2:D$10000)=LOWER(IFERROR(INDEX('gpt-5.4-mini'!G:G,MATCH('Hand Coded'!A$2:A$10000,'gpt-5.4-mini'!A:A,0)),""))))} -> 1 | C30: =COUNTIF('Hand Coded'!D:D,A30) -> 11 | D30: =IF(C30=0,"",B30/C30) -> 0.090909091
A31: Total | B31: =SUM(B19:B30) -> 64 | C31: =SUM(C19:C30) -> 206 | D31: =IF(C31=0,"",B31/C31) -> 0.31067961
A33: claude-sonnet-4-6
A34: Manually Identified Category | B34: Number Correct | C34: Total Manually Identified Entries | D34: Recall (%)
A35: electric_transmission | B35: {=SUMPRODUCT(('Hand Coded'!D$2:D$10000=A35)*(LOWER('Hand Coded'!D$2:D$10000)=LOWER(IFERROR(INDEX('claude-sonnet-4-6'!G:G,MATCH('Hand Coded'!A$2:A$10000,'claude-sonnet-4-6'!A:A,0)),""))))} -> 0 | C35: =COUNTIF('Hand Coded'!D:D,A35) -> 2 | D35: =IF(C35=0,"",B35/C35) -> 0
A36: hydro | B36: {=SUMPRODUCT(('Hand Coded'!D$2:D$10000=A36)*(LOWER('Hand Coded'!D$2:D$10000)=LOWER(IFERROR(INDEX('claude-sonnet-4-6'!G:G,MATCH('Hand Coded'!A$2:A$10000,'claude-sonnet-4-6'!A:A,0)),""))))} -> 0 | C36: =COUNTIF('Hand Coded'!D:D,A36) -> 0 | D36: =IF(C36=0,"",B36/C36)
A37: hydropower | B37: {=SUMPRODUCT(('Hand Coded'!D$2:D$10000=A37)*(LOWER('Hand Coded'!D$2:D$10000)=LOWER(IFERROR(INDEX('claude-sonnet-4-6'!G:G,MATCH('Hand Coded'!A$2:A$10000,'claude-sonnet-4-6'!A:A,0)),""))))} -> 100 | C37: =COUNTIF('Hand Coded'!D:D,A37) -> 101 | D37: =IF(C37=0,"",B37/C37) -> 0.99009901
A38: lng_terminal | B38: {=SUMPRODUCT(('Hand Coded'!D$2:D$10000=A38)*(LOWER('Hand Coded'!D$2:D$10000)=LOWER(IFERROR(INDEX('claude-sonnet-4-6'!G:G,MATCH('Hand Coded'!A$2:A$10000,'claude-sonnet-4-6'!A:A,0)),""))))} -> 4 | C38: =COUNTIF('Hand Coded'!D:D,A38) -> 4 | D38: =IF(C38=0,"",B38/C38) -> 1
A39: market rate | B39: {=SUMPRODUCT(('Hand Coded'!D$2:D$10000=A39)*(LOWER('Hand Coded'!D$2:D$10000)=LOWER(IFERROR(INDEX('claude-sonnet-4-6'!G:G,MATCH('Hand Coded'!A$2:A$10000,'claude-sonnet-4-6'!A:A,0)),""))))} -> 0 | C39: =COUNTIF('Hand Coded'!D:D,A39) -> 0 | D39: =IF(C39=0,"",B39/C39)
A40: market_rate | B40: {=SUMPRODUCT(('Hand Coded'!D$2:D$10000=A40)*(LOWER('Hand Coded'!D$2:D$10000)=LOWER(IFERROR(INDEX('claude-sonnet-4-6'!G:G,MATCH('Hand Coded'!A$2:A$10000,'claude-sonnet-4-6'!A:A,0)),""))))} -> 3 | C40: =COUNTIF('Hand Coded'!D:D,A40) -> 5 | D40: =IF(C40=0,"",B40/C40) -> 0.6
A41: natural gas | B41: {=SUMPRODUCT(('Hand Coded'!D$2:D$10000=A41)*(LOWER('Hand Coded'!D$2:D$10000)=LOWER(IFERROR(INDEX('claude-sonnet-4-6'!G:G,MATCH('Hand Coded'!A$2:A$10000,'claude-sonnet-4-6'!A:A,0)),""))))} -> 0 | C41: =COUNTIF('Hand Coded'!D:D,A41) -> 0 | D41: =IF(C41=0,"",B41/C41)
A42: natural_gas_pipeline | B42: {=SUMPRODUCT(('Hand Coded'!D$2:D$10000=A42)*(LOWER('Hand Coded'!D$2:D$10000)=LOWER(IFERROR(INDEX('claude-sonnet-4-6'!G:G,MATCH('Hand Coded'!A$2:A$10000,'claude-sonnet-4-6'!A:A,0)),""))))} -> 60 | C42: =COUNTIF('Hand Coded'!D:D,A42) -> 77 | D42: =IF(C42=0,"",B42/C42) -> 0.77922078
A43: oil_pipeline | B43: {=SUMPRODUCT(('Hand Coded'!D$2:D$10000=A43)*(LOWER('Hand Coded'!D$2:D$10000)=LOWER(IFERROR(INDEX('claude-sonnet-4-6'!G:G,MATCH('Hand Coded'!A$2:A$10000,'claude-sonnet-4-6'!A:A,0)),""))))} -> 1 | C43: =COUNTIF('Hand Coded'!D:D,A43) -> 1 | D43: =IF(C43=0,"",B43/C43) -> 1
A44: other | B44: {=SUMPRODUCT(('Hand Coded'!D$2:D$10000=A44)*(LOWER('Hand Coded'!D$2:D$10000)=LOWER(IFERROR(INDEX('claude-sonnet-4-6'!G:G,MATCH('Hand Coded'!A$2:A$10000,'claude-sonnet-4-6'!A:A,0)),""))))} -> 0 | C44: =COUNTIF('Hand Coded'!D:D,A44) -> 3 | D44: =IF(C44=0,"",B44/C44) -> 0
A45: solar | B45: {=SUMPRODUCT(('Hand Coded'!D$2:D$10000=A45)*(LOWER('Hand Coded'!D$2:D$10000)=LOWER(IFERROR(INDEX('claude-sonnet-4-6'!G:G,MATCH('Hand Coded'!A$2:A$10000,'claude-sonnet-4-6'!A:A,0)),""))))} -> 2 | C45: =COUNTIF('Hand Coded'!D:D,A45) -> 2 | D45: =IF(C45=0,"",B45/C45) -> 1
A46: Unknown | B46: {=SUMPRODUCT(('Hand Coded'!D$2:D$10000=A46)*(LOWER('Hand Coded'!D$2:D$10000)=LOWER(IFERROR(INDEX('claude-sonnet-4-6'!G:G,MATCH('Hand Coded'!A$2:A$10000,'claude-sonnet-4-6'!A:A,0)),""))))} -> 3 | C46: =COUNTIF('Hand Coded'!D:D,A46) -> 11 | D46: =IF(C46=0,"",B46/C46) -> 0.27272727
A47: Total | B47: =SUM(B35:B46) -> 173 | C47: =SUM(C35:C46) -> 206 | D47: =IF(C47=0,"",B47/C47) -> 0.83980583

Sheet Commenter Type
A1: gemini-3.1-flash-lite-preview
A2: Manually Identified Category | B2: Number Correct | C2: Total Manually Identified Entries | D2: Recall (%)
A3: NGO | B3: {=SUMPRODUCT(('Hand Coded'!E$2:E$10000=A3)*(LOWER('Hand Coded'!E$2:E$10000)=LOWER(IFERROR(INDEX('gemini-3.1-flash-lite-preview'!H:H,MATCH('Hand Coded'!A$2:A$10000,'gemini-3.1-flash-lite-preview'!A:A,0)),""))))} -> 0 | C3: =COUNTIF('Hand Coded'!E:E,A3) -> 0 | D3: =IF(C3=0,"",B3/C3)
A4: business | B4: {=SUMPRODUCT(('Hand Coded'!E$2:E$10000=A4)*(LOWER('Hand Coded'!E$2:E$10000)=LOWER(IFERROR(INDEX('gemini-3.1-flash-lite-preview'!H:H,MATCH('Hand Coded'!A$2:A$10000,'gemini-3.1-flash-lite-preview'!A:A,0)),""))))} -> 18 | C4: =COUNTIF('Hand Coded'!E:E,A4) -> 30 | D4: =IF(C4=0,"",B4/C4) -> 0.6
A5: company | B5: {=SUMPRODUCT(('Hand Coded'!E$2:E$10000=A5)*(LOWER('Hand Coded'!E$2:E$10000)=LOWER(IFERROR(INDEX('gemini-3.1-flash-lite-preview'!H:H,MATCH('Hand Coded'!A$2:A$10000,'gemini-3.1-flash-lite-preview'!A:A,0)),""))))} -> 0 | C5: =COUNTIF('Hand Coded'!E:E,A5) -> 0 | D5: =IF(C5=0,"",B5/C5)
A6: government | B6: {=SUMPRODUCT(('Hand Coded'!E$2:E$10000=A6)*(LOWER('Hand Coded'!E$2:E$10000)=LOWER(IFERROR(INDEX('gemini-3.1-flash-lite-preview'!H:H,MATCH('Hand Coded'!A$2:A$10000,'gemini-3.1-flash-lite-preview'!A:A,0)),""))))} -> 62 | C6: =COUNTIF('Hand Coded'!E:E,A6) -> 76 | D6: =IF(C6=0,"",B6/C6) -> 0.81578947
A7: individual | B7: {=SUMPRODUCT(('Hand Coded'!E$2:E$10000=A7)*(LOWER('Hand Coded'!E$2:E$10000)=LOWER(IFERROR(INDEX('gemini-3.1-flash-lite-preview'!H:H,MATCH('Hand Coded'!A$2:A$10000,'gemini-3.1-flash-lite-preview'!A:A,0)),""))))} -> 0 | C7: =COUNTIF('Hand Coded'!E:E,A7) -> 0 | D7: =IF(C7=0,"",B7/C7)
A8: landowner | B8: {=SUMPRODUCT(('Hand Coded'!E$2:E$10000=A8)*(LOWER('Hand Coded'!E$2:E$10000)=LOWER(IFERROR(INDEX('gemini-3.1-flash-lite-preview'!H:H,MATCH('Hand Coded'!A$2:A$10000,'gemini-3.1-flash-lite-preview'!A:A,0)),""))))} -> 5 | C8: =COUNTIF('Hand Coded'!E:E,A8) -> 7 | D8: =IF(C8=0,"",B8/C8) -> 0.71428571
A9: nonprofit | B9: {=SUMPRODUCT(('Hand Coded'!E$2:E$10000=A9)*(LOWER('Hand Coded'!E$2:E$10000)=LOWER(IFERROR(INDEX('gemini-3.1-flash-lite-preview'!H:H,MATCH('Hand Coded'!A$2:A$10000,'gemini-3.1-flash-lite-preview'!A:A,0)),""))))} -> 25 | C9: =COUNTIF('Hand Coded'!E:E,A9) -> 28 | D9: =IF(C9=0,"",B9/C9) -> 0.89285714
A10: organization | B10: {=SUMPRODUCT(('Hand Coded'!E$2:E$10000=A10)*(LOWER('Hand Coded'!E$2:E$10000)=LOWER(IFERROR(INDEX('gemini-3.1-flash-lite-preview'!H:H,MATCH('Hand Coded'!A$2:A$10000,'gemini-3.1-flash-lite-preview'!A:A,0)),""))))} -> 0 | C10: =COUNTIF('Hand Coded'!E:E,A10) -> 11 | D10: =IF(C10=0,"",B10/C10) -> 0
A11: recreation_group | B11: {=SUMPRODUCT(('Hand Coded'!E$2:E$10000=A11)*(LOWER('Hand Coded'!E$2:E$10000)=LOWER(IFERROR(INDEX('gemini-3.1-flash-lite-preview'!H:H,MATCH('Hand Coded'!A$2:A$10000,'gemini-3.1-flash-lite-preview'!A:A,0)),""))))} -> 0 | C11: =COUNTIF('Hand Coded'!E:E,A11) -> 1 | D11: =IF(C11=0,"",B11/C11) -> 0
A12: resident | B12: {=SUMPRODUCT(('Hand Coded'!E$2:E$10000=A12)*(LOWER('Hand Coded'!E$2:E$10000)=LOWER(IFERROR(INDEX('gemini-3.1-flash-lite-preview'!H:H,MATCH('Hand Coded'!A$2:A$10000,'gemini-3.1-flash-lite-preview'!A:A,0)),""))))} -> 57 | C12: =COUNTIF('Hand Coded'!E:E,A12) -> 75 | D12: =IF(C12=0,"",B12/C12) -> 0.76
A13: tribal | B13: {=SUMPRODUCT(('Hand Coded'!E$2:E$10000=A13)*(LOWER('Hand Coded'!E$2:E$10000)=LOWER(IFERROR(INDEX('gemini-3.1-flash-lite-preview'!H:H,MATCH('Hand Coded'!A$2:A$10000,'gemini-3.1-flash-lite-preview'!A:A,0)),""))))} -> 1 | C13: =COUNTIF('Hand Coded'!E:E,A13) -> 3 | D13: =IF(C13=0,"",B13/C13) -> 0.33333333
A14: Unknown | B14: {=SUMPRODUCT(('Hand Coded'!E$2:E$10000=A14)*(LOWER('Hand Coded'!E$2:E$10000)=LOWER(IFERROR(INDEX('gemini-3.1-flash-lite-preview'!H:H,MATCH('Hand Coded'!A$2:A$10000,'gemini-3.1-flash-lite-preview'!A:A,0)),""))))} -> 0 | C14: =COUNTIF('Hand Coded'!E:E,A14) -> 2 | D14: =IF(C14=0,"",B14/C14) -> 0
A15: Total | B15: =SUM(B3:B14) -> 168 | C15: =SUM(C3:C14) -> 233 | D15: =IF(C15=0,"",B15/C15) -> 0.72103004
A17: gpt-5.4-mini
A18: Manually Identified Category | B18: Number Correct | C18: Total Manually Identified Entries | D18: Recall (%)
A19: NGO | B19: {=SUMPRODUCT(('Hand Coded'!E$2:E$10000=A19)*(LOWER('Hand Coded'!E$2:E$10000)=LOWER(IFERROR(INDEX('gpt-5.4-mini'!H:H,MATCH('Hand Coded'!A$2:A$10000,'gpt-5.4-mini'!A:A,0)),""))))} -> 0 | C19: =COUNTIF('Hand Coded'!E:E,A19) -> 0 | D19: =IF(C19=0,"",B19/C19)
A20: business | B20: {=SUMPRODUCT(('Hand Coded'!E$2:E$10000=A20)*(LOWER('Hand Coded'!E$2:E$10000)=LOWER(IFERROR(INDEX('gpt-5.4-mini'!H:H,MATCH('Hand Coded'!A$2:A$10000,'gpt-5.4-mini'!A:A,0)),""))))} -> 23 | C20: =COUNTIF('Hand Coded'!E:E,A20) -> 30 | D20: =IF(C20=0,"",B20/C20) -> 0.76666667
A21: company | B21: {=SUMPRODUCT(('Hand Coded'!E$2:E$10000=A21)*(LOWER('Hand Coded'!E$2:E$10000)=LOWER(IFERROR(INDEX('gpt-5.4-mini'!H:H,MATCH('Hand Coded'!A$2:A$10000,'gpt-5.4-mini'!A:A,0)),""))))} -> 0 | C21: =COUNTIF('Hand Coded'!E:E,A21) -> 0 | D21: =IF(C21=0,"",B21/C21)
A22: government | B22: {=SUMPRODUCT(('Hand Coded'!E$2:E$10000=A22)*(LOWER('Hand Coded'!E$2:E$10000)=LOWER(IFERROR(INDEX('gpt-5.4-mini'!H:H,MATCH('Hand Coded'!A$2:A$10000,'gpt-5.4-mini'!A:A,0)),""))))} -> 67 | C22: =COUNTIF('Hand Coded'!E:E,A22) -> 76 | D22: =IF(C22=0,"",B22/C22) -> 0.88157895
A23: individual | B23: {=SUMPRODUCT(('Hand Coded'!E$2:E$10000=A23)*(LOWER('Hand Coded'!E$2:E$10000)=LOWER(IFERROR(INDEX('gpt-5.4-mini'!H:H,MATCH('Hand Coded'!A$2:A$10000,'gpt-5.4-mini'!A:A,0)),""))))} -> 0 | C23: =COUNTIF('Hand Coded'!E:E,A23) -> 0 | D23: =IF(C23=0,"",B23/C23)
A24: landowner | B24: {=SUMPRODUCT(('Hand Coded'!E$2:E$10000=A24)*(LOWER('Hand Coded'!E$2:E$10000)=LOWER(IFERROR(INDEX('gpt-5.4-mini'!H:H,MATCH('Hand Coded'!A$2:A$10000,'gpt-5.4-mini'!A:A,0)),""))))} -> 2 | C24: =COUNTIF('Hand Coded'!E:E,A24) -> 7 | D24: =IF(C24=0,"",B24/C24) -> 0.28571429
A25: nonprofit | B25: {=SUMPRODUCT(('Hand Coded'!E$2:E$10000=A25)*(LOWER('Hand Coded'!E$2:E$10000)=LOWER(IFERROR(INDEX('gpt-5.4-mini'!H:H,MATCH('Hand Coded'!A$2:A$10000,'gpt-5.4-mini'!A:A,0)),""))))} -> 17 | C25: =COUNTIF('Hand Coded'!E:E,A25) -> 28 | D25: =IF(C25=0,"",B25/C25) -> 0.60714286
A26: organization | B26: {=SUMPRODUCT(('Hand Coded'!E$2:E$10000=A26)*(LOWER('Hand Coded'!E$2:E$10000)=LOWER(IFERROR(INDEX('gpt-5.4-mini'!H:H,MATCH('Hand Coded'!A$2:A$10000,'gpt-5.4-mini'!A:A,0)),""))))} -> 0 | C26: =COUNTIF('Hand Coded'!E:E,A26) -> 11 | D26: =IF(C26=0,"",B26/C26) -> 0
A27: recreation_group | B27: {=SUMPRODUCT(('Hand Coded'!E$2:E$10000=A27)*(LOWER('Hand Coded'!E$2:E$10000)=LOWER(IFERROR(INDEX('gpt-5.4-mini'!H:H,MATCH('Hand Coded'!A$2:A$10000,'gpt-5.4-mini'!A:A,0)),""))))} -> 0 | C27: =COUNTIF('Hand Coded'!E:E,A27) -> 1 | D27: =IF(C27=0,"",B27/C27) -> 0
A28: resident | B28: {=SUMPRODUCT(('Hand Coded'!E$2:E$10000=A28)*(LOWER('Hand Coded'!E$2:E$10000)=LOWER(IFERROR(INDEX('gpt-5.4-mini'!H:H,MATCH('Hand Coded'!A$2:A$10000,'gpt-5.4-mini'!A:A,0)),""))))} -> 57 | C28: =COUNTIF('Hand Coded'!E:E,A28) -> 75 | D28: =IF(C28=0,"",B28/C28) -> 0.76
A29: tribal | B29: {=SUMPRODUCT(('Hand Coded'!E$2:E$10000=A29)*(LOWER('Hand Coded'!E$2:E$10000)=LOWER(IFERROR(INDEX('gpt-5.4-mini'!H:H,MATCH('Hand Coded'!A$2:A$10000,'gpt-5.4-mini'!A:A,0)),""))))} -> 1 | C29: =COUNTIF('Hand Coded'!E:E,A29) -> 3 | D29: =IF(C29=0,"",B29/C29) -> 0.33333333
A30: Unknown | B30: {=SUMPRODUCT(('Hand Coded'!E$2:E$10000=A30)*(LOWER('Hand Coded'!E$2:E$10000)=LOWER(IFERROR(INDEX('gpt-5.4-mini'!H:H,MATCH('Hand Coded'!A$2:A$10000,'gpt-5.4-mini'!A:A,0)),""))))} -> 2 | C30: =COUNTIF('Hand Coded'!E:E,A30) -> 2 | D30: =IF(C30=0,"",B30/C30) -> 1
A31: Total | B31: =SUM(B19:B30) -> 169 | C31: =SUM(C19:C30) -> 233 | D31: =IF(C31=0,"",B31/C31) -> 0.72532189
A33: claude-sonnet-4-6
A34: Manually Identified Category | B34: Number Correct | C34: Total Manually Identified Entries | D34: Recall (%)
A35: NGO | B35: {=SUMPRODUCT(('Hand Coded'!E$2:E$10000=A35)*(LOWER('Hand Coded'!E$2:E$10000)=LOWER(IFERROR(INDEX('claude-sonnet-4-6'!H:H,MATCH('Hand Coded'!A$2:A$10000,'claude-sonnet-4-6'!A:A,0)),""))))} -> 0 | C35: =COUNTIF('Hand Coded'!E:E,A35) -> 0 | D35: =IF(C35=0,"",B35/C35)
A36: business | B36: {=SUMPRODUCT(('Hand Coded'!E$2:E$10000=A36)*(LOWER('Hand Coded'!E$2:E$10000)=LOWER(IFERROR(INDEX('claude-sonnet-4-6'!H:H,MATCH('Hand Coded'!A$2:A$10000,'claude-sonnet-4-6'!A:A,0)),""))))} -> 22 | C36: =COUNTIF('Hand Coded'!E:E,A36) -> 30 | D36: =IF(C36=0,"",B36/C36) -> 0.73333333
A37: company | B37: {=SUMPRODUCT(('Hand Coded'!E$2:E$10000=A37)*(LOWER('Hand Coded'!E$2:E$10000)=LOWER(IFERROR(INDEX('claude-sonnet-4-6'!H:H,MATCH('Hand Coded'!A$2:A$10000,'claude-sonnet-4-6'!A:A,0)),""))))} -> 0 | C37: =COUNTIF('Hand Coded'!E:E,A37) -> 0 | D37: =IF(C37=0,"",B37/C37)
A38: government | B38: {=SUMPRODUCT(('Hand Coded'!E$2:E$10000=A38)*(LOWER('Hand Coded'!E$2:E$10000)=LOWER(IFERROR(INDEX('claude-sonnet-4-6'!H:H,MATCH('Hand Coded'!A$2:A$10000,'claude-sonnet-4-6'!A:A,0)),""))))} -> 73 | C38: =COUNTIF('Hand Coded'!E:E,A38) -> 76 | D38: =IF(C38=0,"",B38/C38) -> 0.96052632
A39: individual | B39: {=SUMPRODUCT(('Hand Coded'!E$2:E$10000=A39)*(LOWER('Hand Coded'!E$2:E$10000)=LOWER(IFERROR(INDEX('claude-sonnet-4-6'!H:H,MATCH('Hand Coded'!A$2:A$10000,'claude-sonnet-4-6'!A:A,0)),""))))} -> 0 | C39: =COUNTIF('Hand Coded'!E:E,A39) -> 0 | D39: =IF(C39=0,"",B39/C39)
A40: landowner | B40: {=SUMPRODUCT(('Hand Coded'!E$2:E$10000=A40)*(LOWER('Hand Coded'!E$2:E$10000)=LOWER(IFERROR(INDEX('claude-sonnet-4-6'!H:H,MATCH('Hand Coded'!A$2:A$10000,'claude-sonnet-4-6'!A:A,0)),""))))} -> 6 | C40: =COUNTIF('Hand Coded'!E:E,A40) -> 7 | D40: =IF(C40=0,"",B40/C40) -> 0.85714286
A41: nonprofit | B41: {=SUMPRODUCT(('Hand Coded'!E$2:E$10000=A41)*(LOWER('Hand Coded'!E$2:E$10000)=LOWER(IFERROR(INDEX('claude-sonnet-4-6'!H:H,MATCH('Hand Coded'!A$2:A$10000,'claude-sonnet-4-6'!A:A,0)),""))))} -> 26 | C41: =COUNTIF('Hand Coded'!E:E,A41) -> 28 | D41: =IF(C41=0,"",B41/C41) -> 0.92857143
A42: organization | B42: {=SUMPRODUCT(('Hand Coded'!E$2:E$10000=A42)*(LOWER('Hand Coded'!E$2:E$10000)=LOWER(IFERROR(INDEX('claude-sonnet-4-6'!H:H,MATCH('Hand Coded'!A$2:A$10000,'claude-sonnet-4-6'!A:A,0)),""))))} -> 0 | C42: =COUNTIF('Hand Coded'!E:E,A42) -> 11 | D42: =IF(C42=0,"",B42/C42) -> 0
A43: recreation_group | B43: {=SUMPRODUCT(('Hand Coded'!E$2:E$10000=A43)*(LOWER('Hand Coded'!E$2:E$10000)=LOWER(IFERROR(INDEX('claude-sonnet-4-6'!H:H,MATCH('Hand Coded'!A$2:A$10000,'claude-sonnet-4-6'!A:A,0)),""))))} -> 1 | C43: =COUNTIF('Hand Coded'!E:E,A43) -> 1 | D43: =IF(C43=0,"",B43/C43) -> 1
A44: resident | B44: {=SUMPRODUCT(('Hand Coded'!E$2:E$10000=A44)*(LOWER('Hand Coded'!E$2:E$10000)=LOWER(IFERROR(INDEX('claude-sonnet-4-6'!H:H,MATCH('Hand Coded'!A$2:A$10000,'claude-sonnet-4-6'!A:A,0)),""))))} -> 57 | C44: =COUNTIF('Hand Coded'!E:E,A44) -> 75 | D44: =IF(C44=0,"",B44/C44) -> 0.76
A45: tribal | B45: {=SUMPRODUCT(('Hand Coded'!E$2:E$10000=A45)*(LOWER('Hand Coded'!E$2:E$10000)=LOWER(IFERROR(INDEX('claude-sonnet-4-6'!H:H,MATCH('Hand Coded'!A$2:A$10000,'claude-sonnet-4-6'!A:A,0)),""))))} -> 1 | C45: =COUNTIF('Hand Coded'!E:E,A45) -> 3 | D45: =IF(C45=0,"",B45/C45) -> 0.33333333
A46: Unknown | B46: {=SUMPRODUCT(('Hand Coded'!E$2:E$10000=A46)*(LOWER('Hand Coded'!E$2:E$10000)=LOWER(IFERROR(INDEX('claude-sonnet-4-6'!H:H,MATCH('Hand Coded'!A$2:A$10000,'claude-sonnet-4-6'!A:A,0)),""))))} -> 1 | C46: =COUNTIF('Hand Coded'!E:E,A46) -> 2 | D46: =IF(C46=0,"",B46/C46) -> 0.5
A47: Total | B47: =SUM(B35:B46) -> 187 | C47: =SUM(C35:C46) -> 233 | D47: =IF(C47=0,"",B47/C47) -> 0.80257511

Sheet Project State
A1: gemini-3.1-flash-lite-preview
A2: Manually Identified Category | B2: Number Correct | C2: Total Manually Identified Entries | D2: Recall (%)
A3: AK | B3: {=SUMPRODUCT(('Hand Coded'!F$2:F$10000=A3)*(LOWER('Hand Coded'!F$2:F$10000)=LOWER(IFERROR(INDEX('gemini-3.1-flash-lite-preview'!I:I,MATCH('Hand Coded'!A$2:A$10000,'gemini-3.1-flash-lite-preview'!A:A,0)),""))))} -> 0 | C3: =COUNTIF('Hand Coded'!F:F,A3) -> 1 | D3: =IF(C3=0,"",B3/C3) -> 0
A4: CA | B4: {=SUMPRODUCT(('Hand Coded'!F$2:F$10000=A4)*(LOWER('Hand Coded'!F$2:F$10000)=LOWER(IFERROR(INDEX('gemini-3.1-flash-lite-preview'!I:I,MATCH('Hand Coded'!A$2:A$10000,'gemini-3.1-flash-lite-preview'!A:A,0)),""))))} -> 17 | C4: =COUNTIF('Hand Coded'!F:F,A4) -> 18 | D4: =IF(C4=0,"",B4/C4) -> 0.94444444
A5: CO | B5: {=SUMPRODUCT(('Hand Coded'!F$2:F$10000=A5)*(LOWER('Hand Coded'!F$2:F$10000)=LOWER(IFERROR(INDEX('gemini-3.1-flash-lite-preview'!I:I,MATCH('Hand Coded'!A$2:A$10000,'gemini-3.1-flash-lite-preview'!A:A,0)),""))))} -> 4 | C5: =COUNTIF('Hand Coded'!F:F,A5) -> 5 | D5: =IF(C5=0,"",B5/C5) -> 0.8
A6: CT | B6: {=SUMPRODUCT(('Hand Coded'!F$2:F$10000=A6)*(LOWER('Hand Coded'!F$2:F$10000)=LOWER(IFERROR(INDEX('gemini-3.1-flash-lite-preview'!I:I,MATCH('Hand Coded'!A$2:A$10000,'gemini-3.1-flash-lite-preview'!A:A,0)),""))))} -> 6 | C6: =COUNTIF('Hand Coded'!F:F,A6) -> 7 | D6: =IF(C6=0,"",B6/C6) -> 0.85714286
A7: FL | B7: {=SUMPRODUCT(('Hand Coded'!F$2:F$10000=A7)*(LOWER('Hand Coded'!F$2:F$10000)=LOWER(IFERROR(INDEX('gemini-3.1-flash-lite-preview'!I:I,MATCH('Hand Coded'!A$2:A$10000,'gemini-3.1-flash-lite-preview'!A:A,0)),""))))} -> 0 | C7: =COUNTIF('Hand Coded'!F:F,A7) -> 0 | D7: =IF(C7=0,"",B7/C7)
A8: GA | B8: {=SUMPRODUCT(('Hand Coded'!F$2:F$10000=A8)*(LOWER('Hand Coded'!F$2:F$10000)=LOWER(IFERROR(INDEX('gemini-3.1-flash-lite-preview'!I:I,MATCH('Hand Coded'!A$2:A$10000,'gemini-3.1-flash-lite-preview'!A:A,0)),""))))} -> 1 | C8: =COUNTIF('Hand Coded'!F:F,A8) -> 2 | D8: =IF(C8=0,"",B8/C8) -> 0.5
A9: ID | B9: {=SUMPRODUCT(('Hand Coded'!F$2:F$10000=A9)*(LOWER('Hand Coded'!F$2:F$10000)=LOWER(IFERROR(INDEX('gemini-3.1-flash-lite-preview'!I:I,MATCH('Hand Coded'!A$2:A$10000,'gemini-3.1-flash-lite-preview'!A:A,0)),""))))} -> 0 | C9: =COUNTIF('Hand Coded'!F:F,A9) -> 1 | D9: =IF(C9=0,"",B9/C9) -> 0
A10: IL | B10: {=SUMPRODUCT(('Hand Coded'!F$2:F$10000=A10)*(LOWER('Hand Coded'!F$2:F$10000)=LOWER(IFERROR(INDEX('gemini-3.1-flash-lite-preview'!I:I,MATCH('Hand Coded'!A$2:A$10000,'gemini-3.1-flash-lite-preview'!A:A,0)),""))))} -> 2 | C10: =COUNTIF('Hand Coded'!F:F,A10) -> 5 | D10: =IF(C10=0,"",B10/C10) -> 0.4
A11: KS | B11: {=SUMPRODUCT(('Hand Coded'!F$2:F$10000=A11)*(LOWER('Hand Coded'!F$2:F$10000)=LOWER(IFERROR(INDEX('gemini-3.1-flash-lite-preview'!I:I,MATCH('Hand Coded'!A$2:A$10000,'gemini-3.1-flash-lite-preview'!A:A,0)),""))))} -> 2 | C11: =COUNTIF('Hand Coded'!F:F,A11) -> 3 | D11: =IF(C11=0,"",B11/C11) -> 0.66666667
A12: KY | B12: {=SUMPRODUCT(('Hand Coded'!F$2:F$10000=A12)*(LOWER('Hand Coded'!F$2:F$10000)=LOWER(IFERROR(INDEX('gemini-3.1-flash-lite-preview'!I:I,MATCH('Hand Coded'!A$2:A$10000,'gemini-3.1-flash-lite-preview'!A:A,0)),""))))} -> 11 | C12: =COUNTIF('Hand Coded'!F:F,A12) -> 14 | D12: =IF(C12=0,"",B12/C12) -> 0.78571429
A13: LA | B13: {=SUMPRODUCT(('Hand Coded'!F$2:F$10000=A13)*(LOWER('Hand Coded'!F$2:F$10000)=LOWER(IFERROR(INDEX('gemini-3.1-flash-lite-preview'!I:I,MATCH('Hand Coded'!A$2:A$10000,'gemini-3.1-flash-lite-preview'!A:A,0)),""))))} -> 5 | C13: =COUNTIF('Hand Coded'!F:F,A13) -> 6 | D13: =IF(C13=0,"",B13/C13) -> 0.83333333
A14: MA | B14: {=SUMPRODUCT(('Hand Coded'!F$2:F$10000=A14)*(LOWER('Hand Coded'!F$2:F$10000)=LOWER(IFERROR(INDEX('gemini-3.1-flash-lite-preview'!I:I,MATCH('Hand Coded'!A$2:A$10000,'gemini-3.1-flash-lite-preview'!A:A,0)),""))))} -> 1 | C14: =COUNTIF('Hand Coded'!F:F,A14) -> 1 | D14: =IF(C14=0,"",B14/C14) -> 1
... A40: Unknown | B40: {=SUMPRODUCT(('Hand Coded'!F$2:F$10000=A40)*(LOWER('Hand Coded'!F$2:F$10000)=LOWER(IFERROR(INDEX('gemini-3.1-flash-lite-preview'!I:I,MATCH('Hand Coded'!A$2:A$10000,'gemini-3.1-flash-lite-preview'!A:A,0)),""))))} -> 18 | C40: =COUNTIF('Hand Coded'!F:F,A40) -> 19 | D40: =IF(C40=0,"",B40/C40) -> 0.94736842
A41: Total | B41: =SUM(B3:B40) -> 161 | C41: =SUM(C3:C40) -> 225 | D41: =IF(C41=0,"",B41/C41) -> 0.71555556
A43: gpt-5.4-mini
A44: Manually Identified Category | B44: Number Correct | C44: Total Manually Identified Entries | D44: Recall (%)
A45: AK | B45: {=SUMPRODUCT(('Hand Coded'!F$2:F$10000=A45)*(LOWER('Hand Coded'!F$2:F$10000)=LOWER(IFERROR(INDEX('gpt-5.4-mini'!I:I,MATCH('Hand Coded'!A$2:A$10000,'gpt-5.4-mini'!A:A,0)),""))))} -> 0 | C45: =COUNTIF('Hand Coded'!F:F,A45) -> 1 | D45: =IF(C45=0,"",B45/C45) -> 0
A46: CA | B46: {=SUMPRODUCT(('Hand Coded'!F$2:F$10000=A46)*(LOWER('Hand Coded'!F$2:F$10000)=LOWER(IFERROR(INDEX('gpt-5.4-mini'!I:I,MATCH('Hand Coded'!A$2:A$10000,'gpt-5.4-mini'!A:A,0)),""))))} -> 14 | C46: =COUNTIF('Hand Coded'!F:F,A46) -> 18 | D46: =IF(C46=0,"",B46/C46) -> 0.77777778
A47: CO | B47: {=SUMPRODUCT(('Hand Coded'!F$2:F$10000=A47)*(LOWER('Hand Coded'!F$2:F$10000)=LOWER(IFERROR(INDEX('gpt-5.4-mini'!I:I,MATCH('Hand Coded'!A$2:A$10000,'gpt-5.4-mini'!A:A,0)),""))))} -> 4 | C47: =COUNTIF('Hand Coded'!F:F,A47) -> 5 | D47: =IF(C47=0,"",B47/C47) -> 0.8
A48: CT | B48: {=SUMPRODUCT(('Hand Coded'!F$2:F$10000=A48)*(LOWER('Hand Coded'!F$2:F$10000)=LOWER(IFERROR(INDEX('gpt-5.4-mini'!I:I,MATCH('Hand Coded'!A$2:A$10000,'gpt-5.4-mini'!A:A,0)),""))))} -> 5 | C48: =COUNTIF('Hand Coded'!F:F,A48) -> 7 | D48: =IF(C48=0,"",B48/C48) -> 0.71428571
A49: FL | B49: {=SUMPRODUCT(('Hand Coded'!F$2:F$10000=A49)*(LOWER('Hand Coded'!F$2:F$10000)=LOWER(IFERROR(INDEX('gpt-5.4-mini'!I:I,MATCH('Hand Coded'!A$2:A$10000,'gpt-5.4-mini'!A:A,0)),""))))} -> 0 | C49: =COUNTIF('Hand Coded'!F:F,A49) -> 0 | D49: =IF(C49=0,"",B49/C49)
A50: GA | B50: {=SUMPRODUCT(('Hand Coded'!F$2:F$10000=A50)*(LOWER('Hand Coded'!F$2:F$10000)=LOWER(IFERROR(INDEX('gpt-5.4-mini'!I:I,MATCH('Hand Coded'!A$2:A$10000,'gpt-5.4-mini'!A:A,0)),""))))} -> 0 | C50: =COUNTIF('Hand Coded'!F:F,A50) -> 2 | D50: =IF(C50=0,"",B50/C50) -> 0
A51: ID | B51: {=SUMPRODUCT(('Hand Coded'!F$2:F$10000=A51)*(LOWER('Hand Coded'!F$2:F$10000)=LOWER(IFERROR(INDEX('gpt-5.4-mini'!I:I,MATCH('Hand Coded'!A$2:A$10000,'gpt-5.4-mini'!A:A,0)),""))))} -> 0 | C51: =COUNTIF('Hand Coded'!F:F,A51) -> 1 | D51: =IF(C51=0,"",B51/C51) -> 0
A52: IL | B52: {=SUMPRODUCT(('Hand Coded'!F$2:F$10000=A52)*(LOWER('Hand Coded'!F$2:F$10000)=LOWER(IFERROR(INDEX('gpt-5.4-mini'!I:I,MATCH('Hand Coded'!A$2:A$10000,'gpt-5.4-mini'!A:A,0)),""))))} -> 2 | C52: =COUNTIF('Hand Coded'!F:F,A52) -> 5 | D52: =IF(C52=0,"",B52/C52) -> 0.4
A53: KS | B53: {=SUMPRODUCT(('Hand Coded'!F$2:F$10000=A53)*(LOWER('Hand Coded'!F$2:F$10000)=LOWER(IFERROR(INDEX('gpt-5.4-mini'!I:I,MATCH('Hand Coded'!A$2:A$10000,'gpt-5.4-mini'!A:A,0)),""))))} -> 1 | C53: =COUNTIF('Hand Coded'!F:F,A53) -> 3 | D53: =IF(C53=0,"",B53/C53) -> 0.33333333
A54: KY | B54: {=SUMPRODUCT(('Hand Coded'!F$2:F$10000=A54)*(LOWER('Hand Coded'!F$2:F$10000)=LOWER(IFERROR(INDEX('gpt-5.4-mini'!I:I,MATCH('Hand Coded'!A$2:A$10000,'gpt-5.4-mini'!A:A,0)),""))))} -> 9 | C54: =COUNTIF('Hand Coded'!F:F,A54) -> 14 | D54: =IF(C54=0,"",B54/C54) -> 0.64285714
A55: LA | B55: {=SUMPRODUCT(('Hand Coded'!F$2:F$10000=A55)*(LOWER('Hand Coded'!F$2:F$10000)=LOWER(IFERROR(INDEX('gpt-5.4-mini'!I:I,MATCH('Hand Coded'!A$2:A$10000,'gpt-5.4-mini'!A:A,0)),""))))} -> 5 | C55: =COUNTIF('Hand Coded'!F:F,A55) -> 6 | D55: =IF(C55=0,"",B55/C55) -> 0.83333333
A56: MA | B56: {=SUMPRODUCT(('Hand Coded'!F$2:F$10000=A56)*(LOWER('Hand Coded'!F$2:F$10000)=LOWER(IFERROR(INDEX('gpt-5.4-mini'!I:I,MATCH('Hand Coded'!A$2:A$10000,'gpt-5.4-mini'!A:A,0)),""))))} -> 1 | C56: =COUNTIF('Hand Coded'!F:F,A56) -> 1 | D56: =IF(C56=0,"",B56/C56) -> 1
... A82: Unknown | B82: {=SUMPRODUCT(('Hand Coded'!F$2:F$10000=A82)*(LOWER('Hand Coded'!F$2:F$10000)=LOWER(IFERROR(INDEX('gpt-5.4-mini'!I:I,MATCH('Hand Coded'!A$2:A$10000,'gpt-5.4-mini'!A:A,0)),""))))} -> 14 | C82: =COUNTIF('Hand Coded'!F:F,A82) -> 19 | D82: =IF(C82=0,"",B82/C82) -> 0.73684211
A83: Total | B83: =SUM(B45:B82) -> 134 | C83: =SUM(C45:C82) -> 225 | D83: =IF(C83=0,"",B83/C83) -> 0.59555556
A85: claude-sonnet-4-6
A86: Manually Identified Category | B86: Number Correct | C86: Total Manually Identified Entries | D86: Recall (%)
A87: AK | B87: {=SUMPRODUCT(('Hand Coded'!F$2:F$10000=A87)*(LOWER('Hand Coded'!F$2:F$10000)=LOWER(IFERROR(INDEX('claude-sonnet-4-6'!I:I,MATCH('Hand Coded'!A$2:A$10000,'claude-sonnet-4-6'!A:A,0)),""))))} -> 1 | C87: =COUNTIF('Hand Coded'!F:F,A87) -> 1 | D87: =IF(C87=0,"",B87/C87) -> 1
A88: CA | B88: {=SUMPRODUCT(('Hand Coded'!F$2:F$10000=A88)*(LOWER('Hand Coded'!F$2:F$10000)=LOWER(IFERROR(INDEX('claude-sonnet-4-6'!I:I,MATCH('Hand Coded'!A$2:A$10000,'claude-sonnet-4-6'!A:A,0)),""))))} -> 18 | C88: =COUNTIF('Hand Coded'!F:F,A88) -> 18 | D88: =IF(C88=0,"",B88/C88) -> 1
A89: CO | B89: {=SUMPRODUCT(('Hand Coded'!F$2:F$10000=A89)*(LOWER('Hand Coded'!F$2:F$10000)=LOWER(IFERROR(INDEX('claude-sonnet-4-6'!I:I,MATCH('Hand Coded'!A$2:A$10000,'claude-sonnet-4-6'!A:A,0)),""))))} -> 5 | C89: =COUNTIF('Hand Coded'!F:F,A89) -> 5 | D89: =IF(C89=0,"",B89/C89) -> 1
A90: CT | B90: {=SUMPRODUCT(('Hand Coded'!F$2:F$10000=A90)*(LOWER('Hand Coded'!F$2:F$10000)=LOWER(IFERROR(INDEX('claude-sonnet-4-6'!I:I,MATCH('Hand Coded'!A$2:A$10000,'claude-sonnet-4-6'!A:A,0)),""))))} -> 6 | C90: =COUNTIF('Hand Coded'!F:F,A90) -> 7 | D90: =IF(C90=0,"",B90/C90) -> 0.85714286
A91: FL | B91: {=SUMPRODUCT(('Hand Coded'!F$2:F$10000=A91)*(LOWER('Hand Coded'!F$2:F$10000)=LOWER(IFERROR(INDEX('claude-sonnet-4-6'!I:I,MATCH('Hand Coded'!A$2:A$10000,'claude-sonnet-4-6'!A:A,0)),""))))} -> 0 | C91: =COUNTIF('Hand Coded'!F:F,A91) -> 0 | D91: =IF(C91=0,"",B91/C91)
A92: GA | B92: {=SUMPRODUCT(('Hand Coded'!F$2:F$10000=A92)*(LOWER('Hand Coded'!F$2:F$10000)=LOWER(IFERROR(INDEX('claude-sonnet-4-6'!I:I,MATCH('Hand Coded'!A$2:A$10000,'claude-sonnet-4-6'!A:A,0)),""))))} -> 1 | C92: =COUNTIF('Hand Coded'!F:F,A92) -> 2 | D92: =IF(C92=0,"",B92/C92) -> 0.5
A93: ID | B93: {=SUMPRODUCT(('Hand Coded'!F$2:F$10000=A93)*(LOWER('Hand Coded'!F$2:F$10000)=LOWER(IFERROR(INDEX('claude-sonnet-4-6'!I:I,MATCH('Hand Coded'!A$2:A$10000,'claude-sonnet-4-6'!A:A,0)),""))))} -> 1 | C93: =COUNTIF('Hand Coded'!F:F,A93) -> 1 | D93: =IF(C93=0,"",B93/C93) -> 1
A94: IL | B94: {=SUMPRODUCT(('Hand Coded'!F$2:F$10000=A94)*(LOWER('Hand Coded'!F$2:F$10000)=LOWER(IFERROR(INDEX('claude-sonnet-4-6'!I:I,MATCH('Hand Coded'!A$2:A$10000,'claude-sonnet-4-6'!A:A,0)),""))))} -> 2 | C94: =COUNTIF('Hand Coded'!F:F,A94) -> 5 | D94: =IF(C94=0,"",B94/C94) -> 0.4
A95: KS | B95: {=SUMPRODUCT(('Hand Coded'!F$2:F$10000=A95)*(LOWER('Hand Coded'!F$2:F$10000)=LOWER(IFERROR(INDEX('claude-sonnet-4-6'!I:I,MATCH('Hand Coded'!A$2:A$10000,'claude-sonnet-4-6'!A:A,0)),""))))} -> 2 | C95: =COUNTIF('Hand Coded'!F:F,A95) -> 3 | D95: =IF(C95=0,"",B95/C95) -> 0.66666667
A96: KY | B96: {=SUMPRODUCT(('Hand Coded'!F$2:F$10000=A96)*(LOWER('Hand Coded'!F$2:F$10000)=LOWER(IFERROR(INDEX('claude-sonnet-4-6'!I:I,MATCH('Hand Coded'!A$2:A$10000,'claude-sonnet-4-6'!A:A,0)),""))))} -> 13 | C96: =COUNTIF('Hand Coded'!F:F,A96) -> 14 | D96: =IF(C96=0,"",B96/C96) -> 0.92857143
A97: LA | B97: {=SUMPRODUCT(('Hand Coded'!F$2:F$10000=A97)*(LOWER('Hand Coded'!F$2:F$10000)=LOWER(IFERROR(INDEX('claude-sonnet-4-6'!I:I,MATCH('Hand Coded'!A$2:A$10000,'claude-sonnet-4-6'!A:A,0)),""))))} -> 6 | C97: =COUNTIF('Hand Coded'!F:F,A97) -> 6 | D97: =IF(C97=0,"",B97/C97) -> 1
A98: MA | B98: {=SUMPRODUCT(('Hand Coded'!F$2:F$10000=A98)*(LOWER('Hand Coded'!F$2:F$10000)=LOWER(IFERROR(INDEX('claude-sonnet-4-6'!I:I,MATCH('Hand Coded'!A$2:A$10000,'claude-sonnet-4-6'!A:A,0)),""))))} -> 1 | C98: =COUNTIF('Hand Coded'!F:F,A98) -> 1 | D98: =IF(C98=0,"",B98/C98) -> 1
... A124: Unknown | B124: {=SUMPRODUCT(('Hand Coded'!F$2:F$10000=A124)*(LOWER('Hand Coded'!F$2:F$10000)=LOWER(IFERROR(INDEX('claude-sonnet-4-6'!I:I,MATCH('Hand Coded'!A$2:A$10000,'claude-sonnet-4-6'!A:A,0)),""))))} -> 14 | C124: =COUNTIF('Hand Coded'!F:F,A124) -> 19 | D124: =IF(C124=0,"",B124/C124) -> 0.73684211
A125: Total | B125: =SUM(B87:B124) -> 179 | C125: =SUM(C87:C124) -> 225 | D125: =IF(C125=0,"",B125/C125) -> 0.79555556

Sheet Project Region
A1: gemini-3.1-flash-lite-preview
A2: Manually Identified Category | B2: Number Correct | C2: Total Manually Identified Entries | D2: Recall (%)
A3: East | B3: {=SUMPRODUCT(('Hand Coded'!G$2:G$10000=A3)*(LOWER('Hand Coded'!G$2:G$10000)=LOWER(IFERROR(INDEX('gemini-3.1-flash-lite-preview'!J:J,MATCH('Hand Coded'!A$2:A$10000,'gemini-3.1-flash-lite-preview'!A:A,0)),""))))} -> 0 | C3: =COUNTIF('Hand Coded'!G:G,A3) -> 2 | D3: =IF(C3=0,"",B3/C3) -> 0
A4: Midwest | B4: {=SUMPRODUCT(('Hand Coded'!G$2:G$10000=A4)*(LOWER('Hand Coded'!G$2:G$10000)=LOWER(IFERROR(INDEX('gemini-3.1-flash-lite-preview'!J:J,MATCH('Hand Coded'!A$2:A$10000,'gemini-3.1-flash-lite-preview'!A:A,0)),""))))} -> 18 | C4: =COUNTIF('Hand Coded'!G:G,A4) -> 23 | D4: =IF(C4=0,"",B4/C4) -> 0.7826087
A5: Northeast | B5: {=SUMPRODUCT(('Hand Coded'!G$2:G$10000=A5)*(LOWER('Hand Coded'!G$2:G$10000)=LOWER(IFERROR(INDEX('gemini-3.1-flash-lite-preview'!J:J,MATCH('Hand Coded'!A$2:A$10000,'gemini-3.1-flash-lite-preview'!A:A,0)),""))))} -> 57 | C5: =COUNTIF('Hand Coded'!G:G,A5) -> 65 | D5: =IF(C5=0,"",B5/C5) -> 0.87692308
A6: Northwest | B6: {=SUMPRODUCT(('Hand Coded'!G$2:G$10000=A6)*(LOWER('Hand Coded'!G$2:G$10000)=LOWER(IFERROR(INDEX('gemini-3.1-flash-lite-preview'!J:J,MATCH('Hand Coded'!A$2:A$10000,'gemini-3.1-flash-lite-preview'!A:A,0)),""))))} -> 35 | C6: =COUNTIF('Hand Coded'!G:G,A6) -> 38 | D6: =IF(C6=0,"",B6/C6) -> 0.92105263
A7: South_Central | B7: {=SUMPRODUCT(('Hand Coded'!G$2:G$10000=A7)*(LOWER('Hand Coded'!G$2:G$10000)=LOWER(IFERROR(INDEX('gemini-3.1-flash-lite-preview'!J:J,MATCH('Hand Coded'!A$2:A$10000,'gemini-3.1-flash-lite-preview'!A:A,0)),""))))} -> 10 | C7: =COUNTIF('Hand Coded'!G:G,A7) -> 12 | D7: =IF(C7=0,"",B7/C7) -> 0.83333333
A8: Southeast | B8: {=SUMPRODUCT(('Hand Coded'!G$2:G$10000=A8)*(LOWER('Hand Coded'!G$2:G$10000)=LOWER(IFERROR(INDEX('gemini-3.1-flash-lite-preview'!J:J,MATCH('Hand Coded'!A$2:A$10000,'gemini-3.1-flash-lite-preview'!A:A,0)),""))))} -> 18 | C8: =COUNTIF('Hand Coded'!G:G,A8) -> 28 | D8: =IF(C8=0,"",B8/C8) -> 0.64285714
A9: Southwest | B9: {=SUMPRODUCT(('Hand Coded'!G$2:G$10000=A9)*(LOWER('Hand Coded'!G$2:G$10000)=LOWER(IFERROR(INDEX('gemini-3.1-flash-lite-preview'!J:J,MATCH('Hand Coded'!A$2:A$10000,'gemini-3.1-flash-lite-preview'!A:A,0)),""))))} -> 19 | C9: =COUNTIF('Hand Coded'!G:G,A9) -> 22 | D9: =IF(C9=0,"",B9/C9) -> 0.86363636
A10: Unknown | B10: {=SUMPRODUCT(('Hand Coded'!G$2:G$10000=A10)*(LOWER('Hand Coded'!G$2:G$10000)=LOWER(IFERROR(INDEX('gemini-3.1-flash-lite-preview'!J:J,MATCH('Hand Coded'!A$2:A$10000,'gemini-3.1-flash-lite-preview'!A:A,0)),""))))} -> 3 | C10: =COUNTIF('Hand Coded'!G:G,A10) -> 17 | D10: =IF(C10=0,"",B10/C10) -> 0.17647059
A11: West | B11: {=SUMPRODUCT(('Hand Coded'!G$2:G$10000=A11)*(LOWER('Hand Coded'!G$2:G$10000)=LOWER(IFERROR(INDEX('gemini-3.1-flash-lite-preview'!J:J,MATCH('Hand Coded'!A$2:A$10000,'gemini-3.1-flash-lite-preview'!A:A,0)),""))))} -> 0 | C11: =COUNTIF('Hand Coded'!G:G,A11) -> 5 | D11: =IF(C11=0,"",B11/C11) -> 0
A12: midwest | B12: {=SUMPRODUCT(('Hand Coded'!G$2:G$10000=A12)*(LOWER('Hand Coded'!G$2:G$10000)=LOWER(IFERROR(INDEX('gemini-3.1-flash-lite-preview'!J:J,MATCH('Hand Coded'!A$2:A$10000,'gemini-3.1-flash-lite-preview'!A:A,0)),""))))} -> 18 | C12: =COUNTIF('Hand Coded'!G:G,A12) -> 23 | D12: =IF(C12=0,"",B12/C12) -> 0.7826087
A13: national | B13: {=SUMPRODUCT(('Hand Coded'!G$2:G$10000=A13)*(LOWER('Hand Coded'!G$2:G$10000)=LOWER(IFERROR(INDEX('gemini-3.1-flash-lite-preview'!J:J,MATCH('Hand Coded'!A$2:A$10000,'gemini-3.1-flash-lite-preview'!A:A,0)),""))))} -> 0 | C13: =COUNTIF('Hand Coded'!G:G,A13) -> 8 | D13: =IF(C13=0,"",B13/C13) -> 0
A14: northeast | B14: {=SUMPRODUCT(('Hand Coded'!G$2:G$10000=A14)*(LOWER('Hand Coded'!G$2:G$10000)=LOWER(IFERROR(INDEX('gemini-3.1-flash-lite-preview'!J:J,MATCH('Hand Coded'!A$2:A$10000,'gemini-3.1-flash-lite-preview'!A:A,0)),""))))} -> 57 | C14: =COUNTIF('Hand Coded'!G:G,A14) -> 65 | D14: =IF(C14=0,"",B14/C14) -> 0.87692308
... A21: west | B21: {=SUMPRODUCT(('Hand Coded'!G$2:G$10000=A21)*(LOWER('Hand Coded'!G$2:G$10000)=LOWER(IFERROR(INDEX('gemini-3.1-flash-lite-preview'!J:J,MATCH('Hand Coded'!A$2:A$10000,'gemini-3.1-flash-lite-preview'!A:A,0)),""))))} -> 0 | C21: =COUNTIF('Hand Coded'!G:G,A21) -> 5 | D21: =IF(C21=0,"",B21/C21) -> 0
A22: Total | B22: =SUM(B3:B21) -> 317 | C22: =SUM(C3:C21) -> 421 | D22: =IF(C22=0,"",B22/C22) -> 0.75296912
A24: gpt-5.4-mini
A25: Manually Identified Category | B25: Number Correct | C25: Total Manually Identified Entries | D25: Recall (%)
A26: East | B26: {=SUMPRODUCT(('Hand Coded'!G$2:G$10000=A26)*(LOWER('Hand Coded'!G$2:G$10000)=LOWER(IFERROR(INDEX('gpt-5.4-mini'!J:J,MATCH('Hand Coded'!A$2:A$10000,'gpt-5.4-mini'!A:A,0)),""))))} -> 0 | C26: =COUNTIF('Hand Coded'!G:G,A26) -> 2 | D26: =IF(C26=0,"",B26/C26) -> 0
A27: Midwest | B27: {=SUMPRODUCT(('Hand Coded'!G$2:G$10000=A27)*(LOWER('Hand Coded'!G$2:G$10000)=LOWER(IFERROR(INDEX('gpt-5.4-mini'!J:J,MATCH('Hand Coded'!A$2:A$10000,'gpt-5.4-mini'!A:A,0)),""))))} -> 17 | C27: =COUNTIF('Hand Coded'!G:G,A27) -> 23 | D27: =IF(C27=0,"",B27/C27) -> 0.73913043
A28: Northeast | B28: {=SUMPRODUCT(('Hand Coded'!G$2:G$10000=A28)*(LOWER('Hand Coded'!G$2:G$10000)=LOWER(IFERROR(INDEX('gpt-5.4-mini'!J:J,MATCH('Hand Coded'!A$2:A$10000,'gpt-5.4-mini'!A:A,0)),""))))} -> 57 | C28: =COUNTIF('Hand Coded'!G:G,A28) -> 65 | D28: =IF(C28=0,"",B28/C28) -> 0.87692308
A29: Northwest | B29: {=SUMPRODUCT(('Hand Coded'!G$2:G$10000=A29)*(LOWER('Hand Coded'!G$2:G$10000)=LOWER(IFERROR(INDEX('gpt-5.4-mini'!J:J,MATCH('Hand Coded'!A$2:A$10000,'gpt-5.4-mini'!A:A,0)),""))))} -> 20 | C29: =COUNTIF('Hand Coded'!G:G,A29) -> 38 | D29: =IF(C29=0,"",B29/C29) -> 0.52631579
A30: South_Central | B30: {=SUMPRODUCT(('Hand Coded'!G$2:G$10000=A30)*(LOWER('Hand Coded'!G$2:G$10000)=LOWER(IFERROR(INDEX('gpt-5.4-mini'!J:J,MATCH('Hand Coded'!A$2:A$10000,'gpt-5.4-mini'!A:A,0)),""))))} -> 11 | C30: =COUNTIF('Hand Coded'!G:G,A30) -> 12 | D30: =IF(C30=0,"",B30/C30) -> 0.91666667
A31: Southeast | B31: {=SUMPRODUCT(('Hand Coded'!G$2:G$10000=A31)*(LOWER('Hand Coded'!G$2:G$10000)=LOWER(IFERROR(INDEX('gpt-5.4-mini'!J:J,MATCH('Hand Coded'!A$2:A$10000,'gpt-5.4-mini'!A:A,0)),""))))} -> 8 | C31: =COUNTIF('Hand Coded'!G:G,A31) -> 28 | D31: =IF(C31=0,"",B31/C31) -> 0.28571429
A32: Southwest | B32: {=SUMPRODUCT(('Hand Coded'!G$2:G$10000=A32)*(LOWER('Hand Coded'!G$2:G$10000)=LOWER(IFERROR(INDEX('gpt-5.4-mini'!J:J,MATCH('Hand Coded'!A$2:A$10000,'gpt-5.4-mini'!A:A,0)),""))))} -> 6 | C32: =COUNTIF('Hand Coded'!G:G,A32) -> 22 | D32: =IF(C32=0,"",B32/C32) -> 0.27272727
A33: Unknown | B33: {=SUMPRODUCT(('Hand Coded'!G$2:G$10000=A33)*(LOWER('Hand Coded'!G$2:G$10000)=LOWER(IFERROR(INDEX('gpt-5.4-mini'!J:J,MATCH('Hand Coded'!A$2:A$10000,'gpt-5.4-mini'!A:A,0)),""))))} -> 10 | C33: =COUNTIF('Hand Coded'!G:G,A33) -> 17 | D33: =IF(C33=0,"",B33/C33) -> 0.58823529
A34: West | B34: {=SUMPRODUCT(('Hand Coded'!G$2:G$10000=A34)*(LOWER('Hand Coded'!G$2:G$10000)=LOWER(IFERROR(INDEX('gpt-5.4-mini'!J:J,MATCH('Hand Coded'!A$2:A$10000,'gpt-5.4-mini'!A:A,0)),""))))} -> 0 | C34: =COUNTIF('Hand Coded'!G:G,A34) -> 5 | D34: =IF(C34=0,"",B34/C34) -> 0
A35: midwest | B35: {=SUMPRODUCT(('Hand Coded'!G$2:G$10000=A35)*(LOWER('Hand Coded'!G$2:G$10000)=LOWER(IFERROR(INDEX('gpt-5.4-mini'!J:J,MATCH('Hand Coded'!A$2:A$10000,'gpt-5.4-mini'!A:A,0)),""))))} -> 17 | C35: =COUNTIF('Hand Coded'!G:G,A35) -> 23 | D35: =IF(C35=0,"",B35/C35) -> 0.73913043
A36: national | B36: {=SUMPRODUCT(('Hand Coded'!G$2:G$10000=A36)*(LOWER('Hand Coded'!G$2:G$10000)=LOWER(IFERROR(INDEX('gpt-5.4-mini'!J:J,MATCH('Hand Coded'!A$2:A$10000,'gpt-5.4-mini'!A:A,0)),""))))} -> 0 | C36: =COUNTIF('Hand Coded'!G:G,A36) -> 8 | D36: =IF(C36=0,"",B36/C36) -> 0
A37: northeast | B37: {=SUMPRODUCT(('Hand Coded'!G$2:G$10000=A37)*(LOWER('Hand Coded'!G$2:G$10000)=LOWER(IFERROR(INDEX('gpt-5.4-mini'!J:J,MATCH('Hand Coded'!A$2:A$10000,'gpt-5.4-mini'!A:A,0)),""))))} -> 57 | C37: =COUNTIF('Hand Coded'!G:G,A37) -> 65 | D37: =IF(C37=0,"",B37/C37) -> 0.87692308
... A44: west | B44: {=SUMPRODUCT(('Hand Coded'!G$2:G$10000=A44)*(LOWER('Hand Coded'!G$2:G$10000)=LOWER(IFERROR(INDEX('gpt-5.4-mini'!J:J,MATCH('Hand Coded'!A$2:A$10000,'gpt-5.4-mini'!A:A,0)),""))))} -> 0 | C44: =COUNTIF('Hand Coded'!G:G,A44) -> 5 | D44: =IF(C44=0,"",B44/C44) -> 0
A45: Total | B45: =SUM(B26:B44) -> 248 | C45: =SUM(C26:C44) -> 421 | D45: =IF(C45=0,"",B45/C45) -> 0.58907363
A47: claude-sonnet-4-6
A48: Manually Identified Category | B48: Number Correct | C48: Total Manually Identified Entries | D48: Recall (%)
A49: East | B49: {=SUMPRODUCT(('Hand Coded'!G$2:G$10000=A49)*(LOWER('Hand Coded'!G$2:G$10000)=LOWER(IFERROR(INDEX('claude-sonnet-4-6'!J:J,MATCH('Hand Coded'!A$2:A$10000,'claude-sonnet-4-6'!A:A,0)),""))))} -> 0 | C49: =COUNTIF('Hand Coded'!G:G,A49) -> 2 | D49: =IF(C49=0,"",B49/C49) -> 0
A50: Midwest | B50: {=SUMPRODUCT(('Hand Coded'!G$2:G$10000=A50)*(LOWER('Hand Coded'!G$2:G$10000)=LOWER(IFERROR(INDEX('claude-sonnet-4-6'!J:J,MATCH('Hand Coded'!A$2:A$10000,'claude-sonnet-4-6'!A:A,0)),""))))} -> 15 | C50: =COUNTIF('Hand Coded'!G:G,A50) -> 23 | D50: =IF(C50=0,"",B50/C50) -> 0.65217391
A51: Northeast | B51: {=SUMPRODUCT(('Hand Coded'!G$2:G$10000=A51)*(LOWER('Hand Coded'!G$2:G$10000)=LOWER(IFERROR(INDEX('claude-sonnet-4-6'!J:J,MATCH('Hand Coded'!A$2:A$10000,'claude-sonnet-4-6'!A:A,0)),""))))} -> 57 | C51: =COUNTIF('Hand Coded'!G:G,A51) -> 65 | D51: =IF(C51=0,"",B51/C51) -> 0.87692308
A52: Northwest | B52: {=SUMPRODUCT(('Hand Coded'!G$2:G$10000=A52)*(LOWER('Hand Coded'!G$2:G$10000)=LOWER(IFERROR(INDEX('claude-sonnet-4-6'!J:J,MATCH('Hand Coded'!A$2:A$10000,'claude-sonnet-4-6'!A:A,0)),""))))} -> 36 | C52: =COUNTIF('Hand Coded'!G:G,A52) -> 38 | D52: =IF(C52=0,"",B52/C52) -> 0.94736842
A53: South_Central | B53: {=SUMPRODUCT(('Hand Coded'!G$2:G$10000=A53)*(LOWER('Hand Coded'!G$2:G$10000)=LOWER(IFERROR(INDEX('claude-sonnet-4-6'!J:J,MATCH('Hand Coded'!A$2:A$10000,'claude-sonnet-4-6'!A:A,0)),""))))} -> 11 | C53: =COUNTIF('Hand Coded'!G:G,A53) -> 12 | D53: =IF(C53=0,"",B53/C53) -> 0.91666667
A54: Southeast | B54: {=SUMPRODUCT(('Hand Coded'!G$2:G$10000=A54)*(LOWER('Hand Coded'!G$2:G$10000)=LOWER(IFERROR(INDEX('claude-sonnet-4-6'!J:J,MATCH('Hand Coded'!A$2:A$10000,'claude-sonnet-4-6'!A:A,0)),""))))} -> 13 | C54: =COUNTIF('Hand Coded'!G:G,A54) -> 28 | D54: =IF(C54=0,"",B54/C54) -> 0.46428571
A55: Southwest | B55: {=SUMPRODUCT(('Hand Coded'!G$2:G$10000=A55)*(LOWER('Hand Coded'!G$2:G$10000)=LOWER(IFERROR(INDEX('claude-sonnet-4-6'!J:J,MATCH('Hand Coded'!A$2:A$10000,'claude-sonnet-4-6'!A:A,0)),""))))} -> 21 | C55: =COUNTIF('Hand Coded'!G:G,A55) -> 22 | D55: =IF(C55=0,"",B55/C55) -> 0.95454545
A56: Unknown | B56: {=SUMPRODUCT(('Hand Coded'!G$2:G$10000=A56)*(LOWER('Hand Coded'!G$2:G$10000)=LOWER(IFERROR(INDEX('claude-sonnet-4-6'!J:J,MATCH('Hand Coded'!A$2:A$10000,'claude-sonnet-4-6'!A:A,0)),""))))} -> 11 | C56: =COUNTIF('Hand Coded'!G:G,A56) -> 17 | D56: =IF(C56=0,"",B56/C56) -> 0.64705882
A57: West | B57: {=SUMPRODUCT(('Hand Coded'!G$2:G$10000=A57)*(LOWER('Hand Coded'!G$2:G$10000)=LOWER(IFERROR(INDEX('claude-sonnet-4-6'!J:J,MATCH('Hand Coded'!A$2:A$10000,'claude-sonnet-4-6'!A:A,0)),""))))} -> 0 | C57: =COUNTIF('Hand Coded'!G:G,A57) -> 5 | D57: =IF(C57=0,"",B57/C57) -> 0
A58: midwest | B58: {=SUMPRODUCT(('Hand Coded'!G$2:G$10000=A58)*(LOWER('Hand Coded'!G$2:G$10000)=LOWER(IFERROR(INDEX('claude-sonnet-4-6'!J:J,MATCH('Hand Coded'!A$2:A$10000,'claude-sonnet-4-6'!A:A,0)),""))))} -> 15 | C58: =COUNTIF('Hand Coded'!G:G,A58) -> 23 | D58: =IF(C58=0,"",B58/C58) -> 0.65217391
A59: national | B59: {=SUMPRODUCT(('Hand Coded'!G$2:G$10000=A59)*(LOWER('Hand Coded'!G$2:G$10000)=LOWER(IFERROR(INDEX('claude-sonnet-4-6'!J:J,MATCH('Hand Coded'!A$2:A$10000,'claude-sonnet-4-6'!A:A,0)),""))))} -> 0 | C59: =COUNTIF('Hand Coded'!G:G,A59) -> 8 | D59: =IF(C59=0,"",B59/C59) -> 0
A60: northeast | B60: {=SUMPRODUCT(('Hand Coded'!G$2:G$10000=A60)*(LOWER('Hand Coded'!G$2:G$10000)=LOWER(IFERROR(INDEX('claude-sonnet-4-6'!J:J,MATCH('Hand Coded'!A$2:A$10000,'claude-sonnet-4-6'!A:A,0)),""))))} -> 57 | C60: =COUNTIF('Hand Coded'!G:G,A60) -> 65 | D60: =IF(C60=0,"",B60/C60) -> 0.87692308
... A67: west | B67: {=SUMPRODUCT(('Hand Coded'!G$2:G$10000=A67)*(LOWER('Hand Coded'!G$2:G$10000)=LOWER(IFERROR(INDEX('claude-sonnet-4-6'!J:J,MATCH('Hand Coded'!A$2:A$10000,'claude-sonnet-4-6'!A:A,0)),""))))} -> 0 | C67: =COUNTIF('Hand Coded'!G:G,A67) -> 5 | D67: =IF(C67=0,"",B67/C67) -> 0
A68: Total | B68: =SUM(B49:B67) -> 317 | C68: =SUM(C49:C67) -> 421 | D68: =IF(C68=0,"",B68/C68) -> 0.75296912
